record_key,record_type,latitude,longitude,obs_year,own_year_cropland_pct,anchor_2022_cropland_pct,abs_diff
6117827340,presence,-0.124583,35.207917,2022,49.026345933562425,49.026345933562425,0.0
6118105595,presence,-0.124583,35.207917,2022,49.026345933562425,49.026345933562425,0.0
6118124085,presence,-0.124583,34.957917,2022,29.43871706758305,29.43871706758305,0.0
3735146145,presence,-0.457917,34.54125,2022,44.90263459335625,44.90263459335625,0.0
4216298308,presence,-0.180958,34.799473,2022,0.0,0.0,0.0
4347715562,presence,-0.196282,34.930008,2022,2.520045819014891,2.520045819014891,0.0
4234868393,presence,-0.171318,34.910065,2022,10.767468499427263,10.767468499427263,0.0
4289832734,presence,-0.119911,34.775455,2022,43.986254295532646,43.986254295532646,0.0
4324413775,presence,-0.125407,34.742504,2022,7.560137457044673,7.560137457044673,0.0
4337919136,presence,-0.125407,34.742504,2022,7.560137457044673,7.560137457044673,0.0
4356606769,presence,-0.119911,34.775455,2022,43.986254295532646,43.986254295532646,0.0
6117833365,presence,-0.124583,34.79125,2022,67.81214203894616,67.81214203894616,0.0
6118052231,presence,-0.124583,34.79125,2022,67.81214203894616,67.81214203894616,0.0
4253140802,presence,-0.324769,34.77266,2022,73.6540664375716,73.6540664375716,0.0
4231451488,presence,-0.125407,34.742504,2022,7.560137457044673,7.560137457044673,0.0
4224741914,presence,-0.125407,34.742504,2022,7.560137457044673,7.560137457044673,0.0
4239175629,presence,-0.125407,34.742504,2022,7.560137457044673,7.560137457044673,0.0
4258105373,presence,-0.125407,34.742504,2022,7.560137457044673,7.560137457044673,0.0
4354386692,presence,-0.125407,34.742504,2022,7.560137457044673,7.560137457044673,0.0
6117435559,presence,-0.457917,34.54125,2022,44.90263459335625,44.90263459335625,0.0
6117702564,presence,-0.374583,34.624583,2022,72.39404352806415,72.39404352806415,0.0
6117723835,presence,-0.457917,34.54125,2022,44.90263459335625,44.90263459335625,0.0
4302180451,presence,-0.171318,34.910065,2022,10.767468499427263,10.767468499427263,0.0
3661053477,presence,-0.449787,34.579304,2021,39.404352806414664,39.404352806414664,0.0
3398775036,presence,-0.13058,34.740376,2021,5.040091638029782,5.383734249713632,0.34364261168384935
3513369538,presence,-0.125407,34.742504,2021,7.331042382588775,7.560137457044673,0.22909507445589838
3512422074,presence,-0.125407,34.742504,2021,7.331042382588775,7.560137457044673,0.22909507445589838
3566046458,presence,-0.125407,34.742504,2021,7.331042382588775,7.560137457044673,0.22909507445589838
3673725938,presence,-0.125407,34.742504,2021,7.331042382588775,7.560137457044673,0.22909507445589838
3524046373,presence,-0.171318,34.910065,2021,10.538373424971363,10.767468499427263,0.22909507445590016
3624978398,presence,-0.171318,34.910065,2021,10.538373424971363,10.767468499427263,0.22909507445590016
3618841837,presence,-0.119911,34.775455,2021,44.44444444444444,43.986254295532646,0.45819014891179677
3684372783,presence,-0.119911,34.775455,2021,44.44444444444444,43.986254295532646,0.45819014891179677
3622440735,presence,-0.180958,34.799473,2021,0.11454753722794961,0.0,0.11454753722794961
3623426341,presence,-0.180958,34.799473,2021,0.11454753722794961,0.0,0.11454753722794961
3631800274,presence,-0.180958,34.799473,2021,0.11454753722794961,0.0,0.11454753722794961
3531639037,presence,-0.366264,34.629143,2021,6.414662084765177,7.101947308132875,0.6872852233676978
3637987919,presence,-0.199122,35.142975,2021,75.02863688430699,75.48682703321879,0.45819014891179677
3679662467,presence,-0.125407,34.742504,2021,7.331042382588775,7.560137457044673,0.22909507445589838
3687560721,presence,-0.180958,34.799473,2021,0.11454753722794961,0.0,0.11454753722794961
3692379681,presence,-0.199122,35.142975,2021,75.02863688430699,75.48682703321879,0.45819014891179677
6117655535,presence,-0.207917,35.124583,2021,78.12142038946163,78.23596792668958,0.11454753722794919
6117817426,presence,-0.457917,34.54125,2021,43.75715922107675,44.90263459335625,1.145475372279499
6117914827,presence,-0.207917,34.874583,2021,0.8018327605956471,0.8018327605956471,0.0
6118058288,presence,-0.207917,35.124583,2021,78.12142038946163,78.23596792668958,0.11454753722794919
3576485683,presence,-0.171318,34.910065,2021,10.538373424971363,10.767468499427263,0.22909507445590016
3135632894,presence,-0.171318,34.910065,2020,10.652920962199312,10.767468499427263,0.11454753722795097
3217824194,presence,-0.171318,34.910065,2020,10.652920962199312,10.767468499427263,0.11454753722795097
3218419753,presence,-0.171318,34.910065,2020,10.652920962199312,10.767468499427263,0.11454753722795097
5348600657,presence,-0.171318,34.910065,2020,10.652920962199312,10.767468499427263,0.11454753722795097
6117886263,presence,-0.207917,34.874583,2020,0.8018327605956471,0.8018327605956471,0.0
3264752366,presence,-0.126622,34.74129,2020,5.154639175257731,4.925544100801833,0.22909507445589838
3306894111,presence,-0.04125,34.957917,2019,36.19702176403207,35.051546391752574,1.145475372279499
3306933987,presence,-0.04125,35.04125,2019,90.14891179839634,83.61970217640321,6.529209621993132
3735137736,presence,-0.124583,35.04125,2019,22.451317296678123,21.191294387170675,1.2600229095074482
2711946809,presence,-0.125407,34.742504,2019,10.309278350515463,7.560137457044673,2.7491408934707895
2722726895,presence,-0.125407,34.742504,2019,10.309278350515463,7.560137457044673,2.7491408934707895
2788207315,presence,-0.125407,34.742504,2019,10.309278350515463,7.560137457044673,2.7491408934707895
2800571008,presence,-0.125407,34.742504,2019,10.309278350515463,7.560137457044673,2.7491408934707895
4398767660,presence,-0.146544,34.74385,2019,0.0,0.11454753722794961,0.11454753722794961
5546225529,presence,-0.125407,34.742504,2018,10.423825887743414,7.560137457044673,2.8636884306987405
5651041917,presence,-0.125407,34.742504,2018,10.423825887743414,7.560137457044673,2.8636884306987405
2208089283,presence,-0.389052,34.625107,2018,56.815578465063,53.95189003436426,2.863688430698737
2216033104,presence,-0.389052,34.625107,2018,56.815578465063,53.95189003436426,2.863688430698737
2064388718,presence,-0.125407,34.742504,2017,10.767468499427263,7.560137457044673,3.20733104238259
2108533325,presence,-0.125407,34.742504,2017,10.767468499427263,7.560137457044673,3.20733104238259
2108565787,presence,-0.125407,34.742504,2017,10.767468499427263,7.560137457044673,3.20733104238259
1710848647,presence,-0.162675,34.747555,2016,0.0,0.0,0.0
1729510904,presence,-0.125407,34.742504,2016,12.600229095074456,7.560137457044673,5.040091638029782
1747296371,presence,-0.125407,34.742504,2016,12.600229095074456,7.560137457044673,5.040091638029782
1772994004,presence,-0.125407,34.742504,2015,13.058419243986256,7.560137457044673,5.4982817869415825
1381153006,presence,-0.125407,34.742504,2015,13.058419243986256,7.560137457044673,5.4982817869415825
942114052,presence,-0.17158,34.90879,2013,14.20389461626575,14.432989690721648,0.22909507445589838
968394930,presence,-0.17158,34.90879,2013,14.20389461626575,14.432989690721648,0.22909507445589838
1384365983,presence,-0.125407,34.742504,2013,13.402061855670103,7.560137457044673,5.84192439862543
1793149710,presence,-0.180958,34.799473,2012,0.22909507445589922,0.0,0.22909507445589922
2220731768,presence,-0.180958,34.799473,2012,0.22909507445589922,0.0,0.22909507445589922
5627933111,presence,-0.125407,34.742504,2011,15.807560137457044,7.560137457044673,8.24742268041237
597992631,presence,-0.167091,34.871765,2011,35.62428407789233,34.59335624284078,1.0309278350515498
598027247,presence,-0.167091,34.871765,2011,35.62428407789233,34.59335624284078,1.0309278350515498
598278413,presence,-0.167091,34.871765,2011,35.62428407789233,34.59335624284078,1.0309278350515498
1793148965,presence,-0.167091,34.871765,2011,35.62428407789233,34.59335624284078,1.0309278350515498
4657510312,presence,-0.171318,34.910065,2011,10.767468499427263,10.767468499427263,0.0
5456593608,presence,-0.171318,34.910065,2001,42.15349369988545,10.767468499427263,31.38602520045819
5498365434,presence,-0.171318,34.910065,2000,42.4971363115693,10.767468499427263,31.729667812142036
3306569690,pseudo_absence,0.125417,34.957917,2015,64.60481099656357,61.16838487972509,3.436426116838483
3498782979,pseudo_absence,-0.29125,34.79125,2022,15.693012600229094,15.693012600229094,0.0
3306557402,pseudo_absence,-0.124583,34.79125,2015,72.96678121420389,67.81214203894616,5.154639175257728
1986741328,pseudo_absence,0.071798,35.020942,2018,9.278350515463918,8.934707903780069,0.34364261168384935
1883745929,pseudo_absence,-0.11742,34.54124,2015,91.86712485681558,91.40893470790378,0.45819014891179677
3454077121,pseudo_absence,0.125417,35.124583,2021,46.620847651775485,46.27720504009164,0.3436426116838476
865162638,pseudo_absence,0.33,34.87,2001,0.0,0.0,0.0
3383941686,pseudo_absence,-0.237265,35.01069,2021,71.93585337915235,72.0504009163803,0.11454753722794919
3819426872,pseudo_absence,-0.457917,34.874583,2022,74.91408934707904,74.91408934707904,0.0
818752260,pseudo_absence,-0.031405,34.938595,2012,68.8430698739977,70.2176403207331,1.3745704467353903
2702537218,pseudo_absence,-0.125407,34.742504,2019,10.309278350515463,7.560137457044673,2.7491408934707895
1986762654,pseudo_absence,0.199587,35.119665,2017,60.02290950744559,59.90836197021764,0.11454753722794919
3336680767,pseudo_absence,-0.457917,34.54125,2021,43.75715922107675,44.90263459335625,1.145475372279499
3326299577,pseudo_absence,0.292083,34.957917,2021,49.828178694158076,50.63001145475372,0.8018327605956443
577017111,pseudo_absence,-0.379649,35.37572,2011,0.0,0.0,0.0
3326297567,pseudo_absence,0.292083,34.957917,2021,49.828178694158076,50.63001145475372,0.8018327605956443
3454078130,pseudo_absence,0.125417,35.124583,2021,46.620847651775485,46.27720504009164,0.3436426116838476
2170633814,pseudo_absence,-0.026098,34.683025,2018,89.23253150057275,83.04696449026346,6.185567010309285
1883745394,pseudo_absence,-0.11742,34.54124,2015,91.86712485681558,91.40893470790378,0.45819014891179677
3306587041,pseudo_absence,0.20875,34.957917,2017,47.99541809851088,44.7880870561283,3.2073310423825845
1986755738,pseudo_absence,-0.16056,35.073509,2017,61.39747995418099,59.79381443298969,1.6036655211912958
3926511946,pseudo_absence,-0.124583,35.207917,2022,49.026345933562425,49.026345933562425,0.0
844526791,pseudo_absence,-0.349614,34.654755,2012,14.0893470790378,6.643757159221077,7.445589919816723
2692446125,pseudo_absence,0.179171,35.010883,2019,65.52119129438717,64.71935853379152,0.8018327605956443
952810252,pseudo_absence,-0.046692,34.823914,2011,65.29209621993127,58.30469644902635,6.987399770904915
3498782786,pseudo_absence,-0.374583,34.457917,2022,0.11454753722794961,0.11454753722794961,0.0
3960249312,pseudo_absence,0.198241,35.083049,2022,70.9049255441008,70.9049255441008,0.0
1986779406,pseudo_absence,0.203543,35.110948,2017,58.4192439862543,57.73195876288659,0.6872852233677094
3306643431,pseudo_absence,0.042083,35.04125,2019,32.416953035509735,32.87514318442153,0.45819014891179677
1986748523,pseudo_absence,-0.074895,34.708186,2017,65.17754868270332,65.40664375715922,0.22909507445589838
818697726,pseudo_absence,-0.02706,35.04305,2012,63.91752577319587,67.23940435280642,3.321878579610548
1415643275,pseudo_absence,0.228,34.963,2012,74.79954180985109,68.27033218785796,6.529209621993132
3995665119,pseudo_absence,-0.131081,34.739262,2022,2.520045819014891,2.520045819014891,0.0
1947775597,pseudo_absence,-0.12248,35.25958,2018,13.860252004581902,17.06758304696449,3.207331042382588
1415636125,pseudo_absence,0.217,34.852,2013,38.37342497136312,36.998854524627724,1.3745704467353974
3306687074,pseudo_absence,0.292083,35.04125,2021,59.221076746849945,57.961053837342504,1.2600229095074411
1986733423,pseudo_absence,-0.53712,34.67125,2018,94.04352806414661,93.35624284077892,0.6872852233676952
1415643409,pseudo_absence,0.226,34.858,2012,41.809851088201604,40.778923253150055,1.0309278350515498
979598415,pseudo_absence,-0.031405,34.938595,2001,68.95761741122566,70.2176403207331,1.2600229095074411
576971039,pseudo_absence,-0.379649,35.37572,2011,0.0,0.0,0.0
3347167607,pseudo_absence,-0.17,35.18,2011,91.06529209621993,72.73768613974799,18.327605956471942
2249872929,pseudo_absence,0.2234,35.1347,2016,69.3012600229095,67.58304696449026,1.7182130584192379
2182207962,pseudo_absence,-0.026098,34.683025,2018,89.23253150057275,83.04696449026346,6.185567010309285
3306587039,pseudo_absence,0.20875,34.957917,2017,47.99541809851088,44.7880870561283,3.2073310423825845
1986732273,pseudo_absence,-0.166667,34.783333,2017,91.40893470790378,27.491408934707906,63.91752577319588
2979481808,pseudo_absence,-0.318111,35.00689,2017,90.95074455899199,90.37800687285224,0.572737686139746
3498782785,pseudo_absence,-0.374583,34.457917,2022,0.11454753722794961,0.11454753722794961,0.0
2249871956,pseudo_absence,0.175,35.0876,2016,31.27147766323024,21.191294387170675,10.080183276059564
3513911260,pseudo_absence,-0.403343,34.644653,2021,96.67812142038946,96.56357388316151,0.11454753722794919
942031673,pseudo_absence,-0.131836,34.760742,2013,32.87514318442153,28.29324169530355,4.581901489117982
2611310689,pseudo_absence,-0.16066,35.283398,2015,46.27720504009164,35.50973654066438,10.76746849942726
1986741901,pseudo_absence,-0.09,34.776,2018,5.040091638029782,5.154639175257731,0.11454753722794919
2882955668,pseudo_absence,-0.420978,35.315742,2020,0.11454753722794961,0.0,0.11454753722794961
3512802210,pseudo_absence,-0.403343,34.644653,2021,96.67812142038946,96.56357388316151,0.11454753722794919
1831098922,pseudo_absence,0.230712,34.754133,2018,72.62313860252004,70.33218785796106,2.290950744558984
46822657,pseudo_absence,-0.269722,35.1614,2001,70.33218785796106,75.94501718213058,5.612829324169525
3347162425,pseudo_absence,-0.17,35.18,2011,91.06529209621993,72.73768613974799,18.327605956471942
1947775587,pseudo_absence,0.30725,34.76004,2018,77.43413516609394,74.45589919816724,2.978235967926693
2190418173,pseudo_absence,-0.12973,34.740883,2018,10.080183276059564,6.872852233676976,3.207331042382588
3955496515,pseudo_absence,-0.56693,34.674125,2022,23.940435280641466,23.940435280641466,0.0
3030315394,pseudo_absence,-0.2,35.3333,2020,48.911798396334476,49.026345933562425,0.11454753722794919
3819436906,pseudo_absence,-0.457917,34.874583,2022,74.91408934707904,74.91408934707904,0.0
3347168803,pseudo_absence,-0.17,35.18,2011,91.06529209621993,72.73768613974799,18.327605956471942
2832385617,pseudo_absence,0.266417,34.937655,2012,27.376861397479956,31.38602520045819,4.009163802978232
3351082197,pseudo_absence,-0.32,35.01,2013,96.56357388316151,96.33447880870561,0.22909507445589838
1986732396,pseudo_absence,0.104637,35.081925,2017,46.16265750286369,46.27720504009164,0.11454753722794919
1883745767,pseudo_absence,-0.11742,34.54124,2015,91.86712485681558,91.40893470790378,0.45819014891179677
577269698,pseudo_absence,-0.031405,34.938595,2011,69.0721649484536,70.2176403207331,1.145475372279492
3336680784,pseudo_absence,-0.457917,34.624583,2021,95.30355097365405,95.30355097365405,0.0
2669388624,pseudo_absence,0.06314,34.913345,2019,47.766323024054984,46.84994272623138,0.9163802978236006
857832132,pseudo_absence,0.227,34.8805,2011,0.8018327605956471,0.8018327605956471,0.0
657600861,pseudo_absence,0.25,34.85,2001,35.28064146620848,30.584192439862544,4.696449026345935
958752205,pseudo_absence,0.290505,34.83902,2013,30.355097365406642,22.90950744558992,7.445589919816722
2249871804,pseudo_absence,0.175,35.0876,2016,31.27147766323024,21.191294387170675,10.080183276059564
3995401804,pseudo_absence,0.058236,34.581203,2022,52.34822451317297,52.34822451317297,0.0
3356269658,pseudo_absence,0.20875,34.874583,2021,0.0,0.0,0.0
3030714769,pseudo_absence,-0.2,35.3333,2020,48.911798396334476,49.026345933562425,0.11454753722794919
1986738959,pseudo_absence,0.174683,35.237587,2017,71.24856815578465,70.44673539518901,0.8018327605956443
3819425172,pseudo_absence,-0.374583,34.624583,2022,72.39404352806415,72.39404352806415,0.0
865162334,pseudo_absence,0.1,34.52,2001,40.09163802978236,39.289805269186715,0.8018327605956443
657645184,pseudo_absence,0.25,34.85,2001,35.28064146620848,30.584192439862544,4.696449026345935
1986779663,pseudo_absence,0.182023,35.235379,2018,76.51775486827033,77.43413516609394,0.9163802978236077
2366589721,pseudo_absence,0.125,34.875,2019,67.35395189003437,65.86483390607101,1.4891179839633537
3819425175,pseudo_absence,-0.374583,34.624583,2022,72.39404352806415,72.39404352806415,0.0
3818326658,pseudo_absence,-0.32,35.01,2013,96.56357388316151,96.33447880870561,0.22909507445589838
3819425165,pseudo_absence,-0.374583,34.624583,2022,72.39404352806415,72.39404352806415,0.0
3306584219,pseudo_absence,0.042083,35.04125,2017,33.33333333333333,32.87514318442153,0.45819014891179677
3306568590,pseudo_absence,0.125417,34.957917,2015,64.60481099656357,61.16838487972509,3.436426116838483
2669556626,pseudo_absence,0.06314,34.913345,2019,47.766323024054984,46.84994272623138,0.9163802978236006
1668880348,pseudo_absence,-0.368897,35.286286,2017,41.809851088201604,40.32073310423826,1.4891179839633466
818513200,pseudo_absence,-0.430069,35.229668,2012,15.005727376861397,14.891179839633448,0.11454753722794919
958752802,pseudo_absence,0.290505,34.83902,2013,30.355097365406642,22.90950744558992,7.445589919816722
2697658003,pseudo_absence,0.179171,35.010883,2019,65.52119129438717,64.71935853379152,0.8018327605956443
818380902,pseudo_absence,-0.031405,34.938595,2012,68.8430698739977,70.2176403207331,1.3745704467353903
1883745976,pseudo_absence,-0.11742,34.54124,2015,91.86712485681558,91.40893470790378,0.45819014891179677
