record_key,grid_cell_id,observation_date,presence,record_type,within_scheme_boundary,month,day_of_year,season,rainfall_7d,rainfall_30d,rainfall_90d,temp_mean_7d,dewpoint_mean_7d,wind_mean_7d,temp_same_day,dewpoint_same_day,wind_same_day,ndvi_nearest_composite,ndvi_anomaly,elevation_m,slope_deg,dist_to_water_m
6184933353,cell_0156,2026-03-21,1,presence,True,3,80,long_rains,70.49,310.08,573.74,27.81,15.28,1.86,24.28,16.06,0.87,0.6869,0.1463,1158.0,0.98,231.0
6185912418,cell_0156,2026-03-21,1,presence,True,3,80,long_rains,70.49,310.08,573.74,27.81,15.28,1.86,24.28,16.06,0.87,0.6869,0.1463,1158.0,0.98,231.0
5376050849,cell_0080,2024-01-17,1,presence,False,1,17,dry_hot,57.97,149.83,613.94,24.46,18.41,3.18,23.84,19.16,3.76,0.63,0.0614,1134.0,2.18,131.6
5580178158,cell_0080,2024-01-17,1,presence,False,1,17,dry_hot,57.97,149.83,613.94,24.46,18.41,3.18,23.84,19.16,3.76,0.63,0.0614,1134.0,2.18,131.6
5338820371,cell_0156,2024-02-18,1,presence,True,2,49,dry_hot,45.27,118.18,470.3,30.25,14.85,2.26,29.34,15.75,2.24,0.5334,0.0111,1158.0,0.98,231.0
5417085992,cell_0080,2024-02-03,1,presence,False,2,34,dry_hot,53.85,162.9,540.68,26.68,17.52,2.7,26.6,18.14,2.98,0.6966,0.1903,1134.0,2.18,131.6
5490940071,cell_0156,2024-02-04,1,presence,True,2,35,dry_hot,49.96,171.44,472.78,29.19,14.92,1.76,29.49,14.3,1.09,0.6246,0.1023,1158.0,0.98,231.0
5514014985,cell_0080,2024-02-11,1,presence,False,2,42,dry_hot,23.01,161.45,495.79,26.86,17.2,2.67,26.25,17.61,2.44,0.6966,0.1903,1134.0,2.18,131.6
5577743313,cell_0080,2024-02-03,1,presence,False,2,34,dry_hot,53.85,162.9,540.68,26.68,17.52,2.7,26.6,18.14,2.98,0.6966,0.1903,1134.0,2.18,131.6
5595027229,cell_0080,2024-02-11,1,presence,False,2,42,dry_hot,23.01,161.45,495.79,26.86,17.2,2.67,26.25,17.61,2.44,0.6966,0.1903,1134.0,2.18,131.6
5658505906,cell_0080,2024-02-11,1,presence,False,2,42,dry_hot,23.01,161.45,495.79,26.86,17.2,2.67,26.25,17.61,2.44,0.6966,0.1903,1134.0,2.18,131.6
5318947857,cell_0156,2024-03-10,1,presence,True,3,70,long_rains,58.09,223.52,488.12,31.84,13.88,1.57,33.75,11.23,1.32,0.6011,0.0605,1158.0,0.98,231.0
5303793392,cell_0080,2024-06-27,1,presence,False,6,179,dry_cool,21.68,84.05,636.37,26.06,14.89,1.76,25.99,15.18,2.15,0.0045,-0.5446,1134.0,2.18,131.6
5323893090,cell_0080,2024-06-27,1,presence,False,6,179,dry_cool,21.68,84.05,636.37,26.06,14.89,1.76,25.99,15.18,2.15,0.0045,-0.5446,1134.0,2.18,131.6
5357465670,cell_0080,2024-06-28,1,presence,False,6,180,dry_cool,21.68,77.39,625.56,25.69,15.31,1.82,25.31,15.89,1.95,0.0045,-0.5446,1134.0,2.18,131.6
5381374791,cell_0080,2024-06-28,1,presence,False,6,180,dry_cool,21.68,77.39,625.56,25.69,15.31,1.82,25.31,15.89,1.95,0.0045,-0.5446,1134.0,2.18,131.6
5391318149,cell_0014,2024-06-09,1,presence,False,6,161,dry_cool,27.88,123.38,600.2,26.32,17.4,2.59,25.03,16.3,1.82,-0.1826,-0.2954,1134.0,0.0,1338.5
5423787159,cell_0080,2024-06-28,1,presence,False,6,180,dry_cool,21.68,77.39,625.56,25.69,15.31,1.82,25.31,15.89,1.95,0.0045,-0.5446,1134.0,2.18,131.6
5443753791,cell_0080,2024-06-27,1,presence,False,6,179,dry_cool,21.68,84.05,636.37,26.06,14.89,1.76,25.99,15.18,2.15,0.0045,-0.5446,1134.0,2.18,131.6
5489192820,cell_0080,2024-06-27,1,presence,False,6,179,dry_cool,21.68,84.05,636.37,26.06,14.89,1.76,25.99,15.18,2.15,0.0045,-0.5446,1134.0,2.18,131.6
5496191178,cell_0080,2024-06-28,1,presence,False,6,180,dry_cool,21.68,77.39,625.56,25.69,15.31,1.82,25.31,15.89,1.95,0.0045,-0.5446,1134.0,2.18,131.6
5553436558,cell_0080,2024-06-28,1,presence,False,6,180,dry_cool,21.68,77.39,625.56,25.69,15.31,1.82,25.31,15.89,1.95,0.0045,-0.5446,1134.0,2.18,131.6
5696190217,cell_0080,2024-06-27,1,presence,False,6,179,dry_cool,21.68,84.05,636.37,26.06,14.89,1.76,25.99,15.18,2.15,0.0045,-0.5446,1134.0,2.18,131.6
5360295923,cell_0156,2024-07-31,1,presence,True,7,213,dry_cool,18.94,109.53,324.89,26.72,15.23,1.82,26.73,14.64,0.84,0.5411,-0.0313,1158.0,0.98,231.0
5422597303,cell_0156,2024-07-31,1,presence,True,7,213,dry_cool,18.94,109.53,324.89,26.72,15.23,1.82,26.73,14.64,0.84,0.5411,-0.0313,1158.0,0.98,231.0
5548513902,cell_0156,2024-07-31,1,presence,True,7,213,dry_cool,18.94,109.53,324.89,26.72,15.23,1.82,26.73,14.64,0.84,0.5411,-0.0313,1158.0,0.98,231.0
5566723304,cell_0156,2024-07-31,1,presence,True,7,213,dry_cool,18.94,109.53,324.89,26.72,15.23,1.82,26.73,14.64,0.84,0.5411,-0.0313,1158.0,0.98,231.0
5632412764,cell_0156,2024-07-31,1,presence,True,7,213,dry_cool,18.94,109.53,324.89,26.72,15.23,1.82,26.73,14.64,0.84,0.5411,-0.0313,1158.0,0.98,231.0
6118048856,cell_0009,2024-09-20,1,presence,False,9,264,dry_cool,41.31,66.14,231.55,27.05,16.68,3.34,24.7,18.27,3.66,0.5859,0.1259,1145.0,1.66,1141.6
5652265546,cell_0080,2024-11-23,1,presence,False,11,328,short_rains,103.28,187.32,405.04,25.17,17.74,3.33,23.67,18.82,3.45,0.1872,-0.3326,1134.0,2.18,131.6
5709233409,cell_0156,2023-02-13,1,presence,True,2,44,dry_hot,4.74,14.75,354.82,33.18,4.79,1.71,35.25,-5.47,0.61,0.4114,-0.1109,1158.0,0.98,231.0
4663069541,cell_0156,2023-03-16,1,presence,True,3,75,long_rains,60.65,102.38,270.71,26.04,17.0,2.46,25.78,17.25,2.6,0.4112,-0.1294,1158.0,0.98,231.0
4717316280,cell_0080,2023-04-26,1,presence,False,4,116,long_rains,99.21,289.9,541.53,25.17,18.45,3.52,24.99,17.25,2.34,0.6336,0.069,1134.0,2.18,131.6
4722119248,cell_0156,2023-04-06,1,presence,True,4,96,long_rains,103.33,324.09,392.08,26.54,17.58,1.83,27.11,17.22,1.13,0.549,-0.091,1158.0,0.98,231.0
4735730773,cell_0080,2023-04-26,1,presence,False,4,116,long_rains,99.21,289.9,541.53,25.17,18.45,3.52,24.99,17.25,2.34,0.6336,0.069,1134.0,2.18,131.6
4695453503,cell_0080,2023-05-25,1,presence,False,5,145,long_rains,37.6,288.86,824.75,27.67,15.85,1.97,28.03,14.46,1.05,-0.1213,-0.6744,1134.0,2.18,131.6
4700911548,cell_0080,2023-05-25,1,presence,False,5,145,long_rains,37.6,288.86,824.75,27.67,15.85,1.97,28.03,14.46,1.05,-0.1213,-0.6744,1134.0,2.18,131.6
4754113701,cell_0080,2023-05-25,1,presence,False,5,145,long_rains,37.6,288.86,824.75,27.67,15.85,1.97,28.03,14.46,1.05,-0.1213,-0.6744,1134.0,2.18,131.6
4811662973,cell_0080,2023-05-25,1,presence,False,5,145,long_rains,37.6,288.86,824.75,27.67,15.85,1.97,28.03,14.46,1.05,-0.1213,-0.6744,1134.0,2.18,131.6
4827236586,cell_0080,2023-05-25,1,presence,False,5,145,long_rains,37.6,288.86,824.75,27.67,15.85,1.97,28.03,14.46,1.05,-0.1213,-0.6744,1134.0,2.18,131.6
4828270078,cell_0095,2023-05-13,1,presence,False,5,133,long_rains,30.82,266.45,615.95,26.77,16.68,1.35,27.8,14.96,0.99,0.7395,0.0811,1142.0,0.31,338.1
4765455329,cell_0080,2023-07-22,1,presence,False,7,203,dry_cool,0.0,77.03,536.25,27.03,13.66,1.81,27.71,11.66,1.02,0.0543,-0.4332,1134.0,2.18,131.6
4736033351,cell_0080,2023-08-28,1,presence,False,8,240,dry_cool,2.83,69.51,282.97,28.48,13.63,1.45,28.36,13.21,1.47,0.5281,0.0614,1134.0,2.18,131.6
4730479913,cell_0080,2023-11-07,1,presence,False,11,311,short_rains,102.73,323.76,503.61,24.43,18.4,3.26,23.19,19.56,4.01,0.5733,0.0535,1134.0,2.18,131.6
4748163227,cell_0080,2023-11-09,1,presence,False,11,313,short_rains,86.28,322.82,506.64,24.42,18.24,3.09,26.77,16.72,1.45,0.5733,0.0535,1134.0,2.18,131.6
4767042292,cell_0080,2023-11-09,1,presence,False,11,313,short_rains,86.28,322.82,506.64,24.42,18.24,3.09,26.77,16.72,1.45,0.5733,0.0535,1134.0,2.18,131.6
4800183157,cell_0080,2023-11-26,1,presence,False,11,330,short_rains,66.58,292.69,647.21,24.06,18.49,2.82,22.74,19.64,4.19,0.7143,0.1945,1134.0,2.18,131.6
4844263198,cell_0080,2023-11-26,1,presence,False,11,330,short_rains,66.58,292.69,647.21,24.06,18.49,2.82,22.74,19.64,4.19,0.7143,0.1945,1134.0,2.18,131.6
6117827340,cell_0272,2022-01-19,1,presence,False,1,19,dry_hot,73.32,146.52,309.31,25.46,12.44,2.24,24.34,14.75,2.07,0.5803,-0.0335,1426.0,2.49,615.6
6118105595,cell_0272,2022-01-19,1,presence,False,1,19,dry_hot,73.32,146.52,309.31,25.46,12.44,2.24,24.34,14.75,2.07,0.5803,-0.0335,1426.0,2.49,615.6
6118124085,cell_0177,2022-01-31,1,presence,True,1,31,dry_hot,36.39,123.28,294.54,28.71,11.24,2.08,23.63,17.23,3.11,0.699,0.0332,1170.0,0.31,723.3
3735146145,cell_0009,2022-02-23,1,presence,False,2,54,dry_hot,91.95,234.44,441.48,26.14,16.7,3.49,26.48,15.9,2.72,0.4954,0.1109,1145.0,1.66,1141.6
4216298308,cell_0097,2022-02-16,1,presence,False,2,47,dry_hot,34.36,149.97,308.52,28.07,14.37,2.38,27.94,14.14,1.66,-0.1587,-0.3233,1134.0,0.0,16.7
4347715562,cell_0155,2022-02-26,1,presence,False,2,57,dry_hot,93.87,260.53,426.57,28.08,14.81,2.37,30.21,12.22,1.11,0.3919,-0.0404,1148.0,0.0,1402.7
4234868393,cell_0156,2022-03-13,1,presence,True,3,72,long_rains,2.3,189.9,418.83,32.98,7.03,2.21,31.09,10.85,2.82,0.4998,-0.0408,1158.0,0.98,231.0
4289832734,cell_0099,2022-03-15,1,presence,False,3,74,long_rains,8.42,195.22,449.06,30.89,10.81,2.71,30.11,12.7,2.94,0.4698,-0.0463,1147.0,0.62,348.4
4324413775,cell_0080,2022-03-08,1,presence,False,3,67,long_rains,0.0,183.01,428.15,29.76,11.24,2.73,28.77,13.99,2.59,0.4046,-0.124,1134.0,2.18,131.6
4337919136,cell_0080,2022-03-07,1,presence,False,3,66,long_rains,0.0,193.71,428.15,29.76,11.36,2.78,28.84,14.64,3.84,0.4046,-0.124,1134.0,2.18,131.6
4356606769,cell_0099,2022-03-15,1,presence,False,3,74,long_rains,8.42,195.22,449.06,30.89,10.81,2.71,30.11,12.7,2.94,0.4698,-0.0463,1147.0,0.62,348.4
6117833365,cell_0099,2022-03-11,1,presence,False,3,70,long_rains,4.12,197.74,444.76,31.88,9.18,2.71,33.37,5.89,1.89,0.4698,-0.0463,1147.0,0.62,348.4
6118052231,cell_0099,2022-03-15,1,presence,False,3,74,long_rains,8.42,195.22,449.06,30.89,10.81,2.71,30.11,12.7,2.94,0.4698,-0.0463,1147.0,0.62,348.4
4253140802,cell_0095,2022-04-10,1,presence,False,4,100,long_rains,0.0,155.03,517.37,29.08,12.45,1.88,29.95,11.81,2.09,0.5603,-0.0835,1142.0,0.31,338.1
4231451488,cell_0080,2022-05-18,1,presence,False,5,138,long_rains,15.93,355.9,708.59,26.59,16.83,2.25,26.96,16.36,2.24,0.4741,-0.079,1134.0,2.18,131.6
4224741914,cell_0080,2022-06-14,1,presence,False,6,165,dry_cool,17.97,143.24,706.6,24.92,15.74,2.21,25.39,16.05,2.29,0.6527,0.1036,1134.0,2.18,131.6
4239175629,cell_0080,2022-06-11,1,presence,False,6,162,dry_cool,26.48,141.2,692.31,24.84,15.52,2.28,25.89,15.59,2.33,0.6527,0.1036,1134.0,2.18,131.6
4258105373,cell_0080,2022-06-23,1,presence,False,6,174,dry_cool,23.75,149.81,712.02,25.35,14.94,2.39,25.7,14.01,2.56,0.6527,0.1036,1134.0,2.18,131.6
4354386692,cell_0080,2022-06-23,1,presence,False,6,174,dry_cool,23.75,149.81,712.02,25.35,14.94,2.39,25.7,14.01,2.56,0.6527,0.1036,1134.0,2.18,131.6
6117435559,cell_0009,2022-07-11,1,presence,False,7,192,dry_cool,0.0,43.29,477.49,26.39,13.36,2.67,27.73,13.09,0.61,0.6194,0.1435,1145.0,1.66,1141.6
6117702564,cell_0041,2022-07-11,1,presence,False,7,192,dry_cool,0.0,38.69,374.33,26.39,13.18,2.48,27.74,12.94,0.59,0.6697,0.1111,1144.0,0.62,543.9
6117723835,cell_0009,2022-07-12,1,presence,False,7,193,dry_cool,0.0,43.29,473.41,26.47,13.56,2.4,25.88,15.08,1.28,0.6041,0.1282,1145.0,1.66,1141.6
4302180451,cell_0156,2022-10-04,1,presence,True,10,277,short_rains,40.93,120.28,366.06,29.06,13.71,2.08,27.35,14.76,1.99,0.4977,-0.1035,1158.0,0.98,231.0
3661053477,cell_0023,2021-01-30,1,presence,False,1,30,dry_hot,18.15,79.02,505.44,28.06,13.25,2.15,28.63,13.76,3.26,0.7027,0.1281,1164.0,1.11,1038.5
3398775036,cell_0079,2021-03-12,1,presence,False,3,71,long_rains,4.62,107.95,291.53,28.48,12.78,2.61,32.07,5.02,0.67,0.0772,0.0727,1134.0,0.0,182.2
3513369538,cell_0080,2021-03-12,1,presence,False,3,71,long_rains,4.76,128.19,295.15,28.05,13.64,2.67,31.8,6.03,0.66,0.6359,0.1073,1134.0,2.18,131.6
3512422074,cell_0080,2021-04-14,1,presence,False,4,104,long_rains,58.66,259.09,432.52,26.0,16.95,2.64,25.9,16.98,3.37,0.6184,0.0538,1134.0,2.18,131.6
3566046458,cell_0080,2021-04-14,1,presence,False,4,104,long_rains,58.66,259.09,432.52,26.0,16.95,2.64,25.9,16.98,3.37,0.6184,0.0538,1134.0,2.18,131.6
3673725938,cell_0080,2021-04-29,1,presence,False,4,119,long_rains,119.26,379.15,605.21,25.28,18.12,3.11,26.48,18.0,2.49,0.6629,0.0983,1134.0,2.18,131.6
3524046373,cell_0156,2021-05-12,1,presence,True,5,132,long_rains,125.75,377.9,705.7,23.23,18.12,1.94,24.06,18.08,1.63,0.6798,0.0035,1158.0,0.98,231.0
3624978398,cell_0156,2021-05-12,1,presence,True,5,132,long_rains,125.75,377.9,705.7,23.23,18.12,1.94,24.06,18.08,1.63,0.6798,0.0035,1158.0,0.98,231.0
3618841837,cell_0099,2021-06-27,1,presence,False,6,178,dry_cool,21.78,77.7,694.29,26.56,14.14,1.59,27.41,13.51,1.64,0.5256,-0.0432,1147.0,0.62,348.4
3684372783,cell_0099,2021-06-27,1,presence,False,6,178,dry_cool,21.78,77.7,694.29,26.56,14.14,1.59,27.41,13.51,1.64,0.5256,-0.0432,1147.0,0.62,348.4
3622440735,cell_0097,2021-07-11,1,presence,False,7,192,dry_cool,17.64,109.71,661.24,25.49,14.95,1.77,26.34,13.61,1.26,-0.1587,-0.3029,1134.0,0.0,16.7
3623426341,cell_0097,2021-07-11,1,presence,False,7,192,dry_cool,17.64,109.71,661.24,25.49,14.95,1.77,26.34,13.61,1.26,-0.1587,-0.3029,1134.0,0.0,16.7
3631800274,cell_0097,2021-07-11,1,presence,False,7,192,dry_cool,17.64,109.71,661.24,25.49,14.95,1.77,26.34,13.61,1.26,-0.1587,-0.3029,1134.0,0.0,16.7
3531639037,cell_0041,2021-10-09,1,presence,False,10,282,short_rains,18.32,100.75,215.16,25.39,18.03,2.73,25.44,19.36,1.98,0.6584,0.0804,1144.0,0.62,543.9
3637987919,cell_0234,2021-11-16,1,presence,False,11,320,short_rains,0.0,90.36,382.08,30.08,9.98,1.09,27.63,12.33,0.97,0.5603,-0.0708,1318.0,2.84,65.0
3679662467,cell_0080,2021-11-06,1,presence,False,11,310,short_rains,74.86,164.31,424.48,26.33,16.26,2.81,27.26,16.08,2.01,0.6383,0.1185,1134.0,2.18,131.6
3687560721,cell_0097,2021-11-27,1,presence,False,11,331,short_rains,17.35,124.52,425.13,28.66,14.22,1.61,27.08,15.48,1.07,-0.1587,-0.276,1134.0,0.0,16.7
3692379681,cell_0234,2021-11-16,1,presence,False,11,320,short_rains,0.0,90.36,382.08,30.08,9.98,1.09,27.63,12.33,0.97,0.5603,-0.0708,1318.0,2.84,65.0
6117655535,cell_0234,2021-11-16,1,presence,False,11,320,short_rains,0.0,90.36,382.08,30.08,9.98,1.09,27.63,12.33,0.97,0.5603,-0.0708,1318.0,2.84,65.0
6117817426,cell_0009,2021-11-18,1,presence,False,11,322,short_rains,6.25,61.08,347.08,27.19,16.77,2.14,25.77,18.07,3.59,0.4418,-0.0684,1145.0,1.66,1141.6
6117914827,cell_0135,2021-11-06,1,presence,False,11,310,short_rains,34.95,105.86,401.17,29.08,13.29,1.73,29.66,13.33,1.03,0.3761,-0.0649,1146.0,0.98,2824.0
6118058288,cell_0234,2021-11-16,1,presence,False,11,320,short_rains,0.0,90.36,382.08,30.08,9.98,1.09,27.63,12.33,0.97,0.5603,-0.0708,1318.0,2.84,65.0
3576485683,cell_0156,2021-12-01,1,presence,True,12,335,short_rains,28.34,95.46,352.8,29.09,14.22,1.47,30.12,13.17,1.99,0.6473,0.0034,1158.0,0.98,231.0
3135632894,cell_0156,2020-02-03,1,presence,True,2,34,dry_hot,47.41,154.81,546.74,24.65,17.66,2.3,26.38,18.52,3.58,0.6798,0.1575,1158.0,0.98,231.0
3217824194,cell_0156,2020-02-03,1,presence,True,2,34,dry_hot,47.41,154.81,546.74,24.65,17.66,2.3,26.38,18.52,3.58,0.6798,0.1575,1158.0,0.98,231.0
3218419753,cell_0156,2020-02-03,1,presence,True,2,34,dry_hot,47.41,154.81,546.74,24.65,17.66,2.3,26.38,18.52,3.58,0.6798,0.1575,1158.0,0.98,231.0
5348600657,cell_0156,2020-02-03,1,presence,True,2,34,dry_hot,47.41,154.81,546.74,24.65,17.66,2.3,26.38,18.52,3.58,0.6798,0.1575,1158.0,0.98,231.0
6117886263,cell_0135,2020-02-03,1,presence,False,2,34,dry_hot,98.97,194.53,598.08,24.65,17.66,2.3,26.38,18.52,3.58,0.5872,0.1853,1146.0,0.98,2824.0
3264752366,cell_0080,2020-03-23,1,presence,False,3,83,long_rains,44.54,240.03,536.59,26.55,18.0,2.43,26.71,17.62,1.5,0.4227,-0.1059,1134.0,2.18,131.6
3306894111,cell_0178,2019-11-28,1,presence,False,11,332,short_rains,47.96,157.25,583.72,23.5,16.5,1.45,23.9,17.69,1.96,0.6708,0.0415,1225.0,2.41,615.7
3306933987,cell_0198,2019-11-28,1,presence,False,11,332,short_rains,48.68,159.47,555.5,23.5,16.5,1.45,23.9,17.69,1.96,0.6391,0.0108,1219.0,1.75,2055.9
3735137736,cell_0197,2019-11-27,1,presence,False,11,331,short_rains,35.46,172.11,505.91,23.85,16.22,1.4,28.02,15.02,0.87,0.7574,0.1006,1181.0,0.69,230.0
2711946809,cell_0080,2019-12-04,1,presence,False,12,338,short_rains,56.48,254.0,688.09,23.8,18.19,3.08,22.32,18.36,3.98,0.3782,-0.1663,1134.0,2.18,131.6
2722726895,cell_0080,2019-12-04,1,presence,False,12,338,short_rains,56.48,254.0,688.09,23.8,18.19,3.08,22.32,18.36,3.98,0.3782,-0.1663,1134.0,2.18,131.6
2788207315,cell_0080,2019-12-04,1,presence,False,12,338,short_rains,56.48,254.0,688.09,23.8,18.19,3.08,22.32,18.36,3.98,0.3782,-0.1663,1134.0,2.18,131.6
2800571008,cell_0080,2019-12-04,1,presence,False,12,338,short_rains,56.48,254.0,688.09,23.8,18.19,3.08,22.32,18.36,3.98,0.3782,-0.1663,1134.0,2.18,131.6
4398767660,cell_0079,2019-12-31,1,presence,False,12,365,short_rains,76.89,224.44,718.13,25.31,17.2,2.62,27.52,13.64,1.87,0.5716,0.3451,1134.0,0.0,182.2
5546225529,cell_0080,2018-08-22,1,presence,False,8,234,dry_cool,31.99,70.21,285.27,26.4,14.24,2.32,25.73,15.32,2.06,0.3691,-0.0976,1134.0,2.18,131.6
5651041917,cell_0080,2018-08-22,1,presence,False,8,234,dry_cool,31.99,70.21,285.27,26.4,14.24,2.32,25.73,15.32,2.06,0.3691,-0.0976,1134.0,2.18,131.6
2208089283,cell_0040,2018-11-13,1,presence,False,11,317,short_rains,13.37,94.22,275.25,26.29,18.36,2.63,27.68,18.23,2.21,0.5456,-0.0064,1215.0,2.49,1010.9
2216033104,cell_0040,2018-11-13,1,presence,False,11,317,short_rains,13.37,94.22,275.25,26.29,18.36,2.63,27.68,18.23,2.21,0.5456,-0.0064,1215.0,2.49,1010.9
2064388718,cell_0080,2017-05-13,1,presence,False,5,133,long_rains,83.93,366.53,661.81,26.25,17.47,2.77,27.54,16.77,2.58,0.7115,0.1584,1134.0,2.18,131.6
2108533325,cell_0080,2017-12-03,1,presence,False,12,337,short_rains,29.4,193.49,435.73,26.32,15.86,2.26,26.57,16.11,2.19,0.7485,0.204,1134.0,2.18,131.6
2108565787,cell_0080,2017-12-03,1,presence,False,12,337,short_rains,29.4,193.49,435.73,26.32,15.86,2.26,26.57,16.11,2.19,0.7485,0.204,1134.0,2.18,131.6
1710848647,cell_0079,2016-01-17,1,presence,False,1,17,dry_hot,31.23,76.53,514.26,27.19,17.15,2.75,27.73,16.63,3.2,0.2261,0.1511,1134.0,0.0,182.2
1729510904,cell_0080,2016-04-21,1,presence,False,4,112,long_rains,107.32,341.61,473.72,25.54,18.63,3.21,27.34,17.33,2.43,0.701,0.1364,1134.0,2.18,131.6
1747296371,cell_0080,2016-06-26,1,presence,False,6,178,dry_cool,48.84,76.81,729.76,23.86,15.98,2.53,25.67,14.63,1.91,0.6064,0.0573,1134.0,2.18,131.6
1772994004,cell_0080,2015-04-13,1,presence,False,4,103,long_rains,49.95,262.84,321.33,25.57,17.56,2.88,26.36,17.11,3.08,0.5311,-0.0335,1134.0,2.18,131.6
1381153006,cell_0080,2015-08-09,1,presence,False,8,221,dry_cool,22.58,97.72,407.88,26.18,14.41,1.88,26.19,14.3,2.45,0.5514,0.0847,1134.0,2.18,131.6
942114052,cell_0156,2013-02-28,1,presence,True,2,59,dry_hot,0.0,61.74,290.73,34.63,3.28,2.02,34.4,3.29,1.86,0.5437,0.0214,1158.0,0.98,231.0
968394930,cell_0156,2013-02-28,1,presence,True,2,59,dry_hot,0.0,61.74,290.73,34.63,3.28,2.02,34.4,3.29,1.86,0.5437,0.0214,1158.0,0.98,231.0
1384365983,cell_0080,2013-12-02,1,presence,False,12,336,short_rains,0.0,168.68,419.45,27.75,14.08,1.84,29.03,12.95,1.48,0.5624,0.0179,1134.0,2.18,131.6
1793149710,cell_0097,2012-02-04,1,presence,False,2,35,dry_hot,0.0,18.85,298.48,32.69,2.47,1.44,34.11,2.04,0.79,0.097,-0.0676,1134.0,0.0,16.7
2220731768,cell_0097,2012-02-04,1,presence,False,2,35,dry_hot,0.0,18.85,298.48,32.69,2.47,1.44,34.11,2.04,0.79,0.097,-0.0676,1134.0,0.0,16.7
5627933111,cell_0080,2011-03-26,1,presence,False,3,85,long_rains,69.85,78.76,230.35,26.11,15.92,2.99,25.41,17.26,4.17,0.7526,0.224,1134.0,2.18,131.6
597992631,cell_0136,2011-07-14,1,presence,False,7,195,dry_cool,9.05,74.1,327.75,27.71,13.44,1.47,28.32,11.12,1.45,0.5365,-0.0467,1150.0,1.24,2851.5
598027247,cell_0136,2011-07-14,1,presence,False,7,195,dry_cool,9.05,74.1,327.75,27.71,13.44,1.47,28.32,11.12,1.45,0.5365,-0.0467,1150.0,1.24,2851.5
598278413,cell_0136,2011-07-14,1,presence,False,7,195,dry_cool,9.05,74.1,327.75,27.71,13.44,1.47,28.32,11.12,1.45,0.5365,-0.0467,1150.0,1.24,2851.5
1793148965,cell_0136,2011-07-14,1,presence,False,7,195,dry_cool,9.05,74.1,327.75,27.71,13.44,1.47,28.32,11.12,1.45,0.5365,-0.0467,1150.0,1.24,2851.5
4657510312,cell_0156,2011-11-14,1,presence,True,11,318,short_rains,35.17,163.57,397.63,26.88,16.36,1.55,27.81,15.52,1.29,0.7079,0.0668,1158.0,0.98,231.0
5456593608,cell_0156,2001-11-02,1,presence,True,11,306,short_rains,64.57,145.52,379.83,23.88,17.37,2.27,25.21,15.44,3.16,0.6723,0.0312,1158.0,0.98,231.0
5498365434,cell_0156,2000-11-03,1,presence,True,11,308,short_rains,45.7,110.17,271.82,27.37,15.27,1.38,27.3,16.1,1.47,0.5036,-0.1375,1158.0,0.98,231.0
4597569629,cell_0018,2024-03-14,0,pseudo_absence,False,3,74,long_rains,33.44,155.48,402.1,27.62,17.58,2.58,28.25,17.09,2.62,0.6239,0.1071,1398.0,8.55,1220.6
3306569690,cell_0182,2015-12-31,0,pseudo_absence,False,12,365,short_rains,22.92,150.67,587.43,23.36,11.82,1.17,24.71,10.1,2.29,0.8685,0.0136,1808.0,9.37,269.7
3498782979,cell_0095,2022-02-24,0,pseudo_absence,False,2,55,dry_hot,108.92,259.28,442.22,26.5,15.21,2.71,26.89,14.75,2.8,0.5987,0.0582,1142.0,0.31,338.1
3306557402,cell_0099,2015-05-30,0,pseudo_absence,False,5,150,long_rains,50.06,252.76,642.24,26.57,16.85,1.96,26.72,17.75,1.89,0.6006,0.0104,1147.0,0.62,348.4
1986741328,cell_0201,2018-03-01,0,pseudo_absence,False,3,60,long_rains,49.35,92.83,175.7,21.99,14.01,2.76,18.08,15.56,3.39,0.7927,-0.0431,1942.0,4.36,2382.2
1883745929,cell_0016,2015-03-17,0,pseudo_absence,False,3,76,long_rains,0.0,30.28,97.05,33.7,5.27,2.93,33.35,9.08,2.92,0.301,-0.2213,1227.0,4.71,838.0
3454077121,cell_0241,2021-10-09,0,pseudo_absence,False,10,282,short_rains,27.17,212.06,592.19,20.64,14.2,1.64,21.33,14.4,0.34,0.6582,-0.1275,1932.0,6.58,1151.1
865162638,cell_0146,2001-04-24,0,pseudo_absence,False,4,114,long_rains,89.83,259.56,472.65,23.79,15.65,1.34,25.42,16.57,1.51,0.8616,0.0061,1578.0,4.01,910.1
4046323282,cell_0100,2023-02-17,0,pseudo_absence,False,2,48,dry_hot,0.0,19.36,318.04,34.26,-0.0,1.56,34.21,-1.54,1.65,0.4823,-0.0697,1282.0,8.71,2334.3
6171430160,cell_0109,2026-03-01,0,pseudo_absence,False,3,60,long_rains,77.68,267.35,471.21,22.97,15.32,1.92,27.34,10.66,1.3,0.6727,0.0709,1709.0,6.13,1946.7
3383941686,cell_0194,2021-05-09,0,pseudo_absence,False,5,129,long_rains,117.26,340.98,686.65,21.58,17.2,2.28,20.03,18.09,1.34,0.7255,0.0631,1211.0,1.54,180.8
4903812412,cell_0253,2024-06-08,0,pseudo_absence,False,6,160,dry_cool,0.0,78.77,548.91,26.25,16.06,1.23,25.26,15.92,0.63,0.6867,0.026,1275.0,1.24,1333.7
3819426872,cell_0130,2022-05-14,0,pseudo_absence,False,5,134,long_rains,37.81,352.1,772.8,25.12,13.04,1.0,25.53,13.39,0.61,0.7629,0.0416,1445.0,3.9,246.5
818752260,cell_0158,2012-02-18,0,pseudo_absence,False,2,49,dry_hot,7.23,15.99,210.12,34.72,0.23,1.73,34.72,0.23,1.73,0.3899,-0.1369,1208.0,1.24,1665.6
2702537218,cell_0080,2019-11-22,0,pseudo_absence,False,11,326,short_rains,106.14,275.69,639.98,25.76,17.0,2.56,25.69,17.63,2.25,0.6111,0.0913,1134.0,2.18,131.6
1986762654,cell_0242,2017-08-11,0,pseudo_absence,False,8,223,dry_cool,66.23,306.46,655.07,19.8,13.74,2.37,19.93,13.27,2.7,0.8181,0.0434,2012.0,5.01,2069.1
3336680767,cell_0009,2021-08-17,0,pseudo_absence,False,8,229,dry_cool,53.43,53.43,176.86,24.83,15.89,2.12,26.48,14.22,1.06,0.5637,0.0902,1145.0,1.66,1141.6
3326299577,cell_0185,2021-07-11,0,pseudo_absence,False,7,192,dry_cool,58.73,229.97,865.67,20.14,15.08,1.8,21.32,15.49,1.58,0.8674,0.0236,2010.0,3.45,2293.2
577017111,cell_0310,2011-01-21,0,pseudo_absence,False,1,21,dry_hot,25.66,86.59,242.38,20.69,8.54,2.08,22.77,5.33,0.82,0.8998,0.0205,2214.0,8.71,109.7
3326297567,cell_0185,2021-07-11,0,pseudo_absence,False,7,192,dry_cool,58.73,229.97,865.67,20.14,15.08,1.8,21.32,15.49,1.58,0.8674,0.0236,2010.0,3.45,2293.2
3454078130,cell_0241,2021-10-09,0,pseudo_absence,False,10,282,short_rains,27.17,212.06,592.19,20.64,14.2,1.64,21.33,14.4,0.34,0.6582,-0.1275,1932.0,6.58,1151.1
2170633814,cell_0064,2018-06-20,0,pseudo_absence,False,6,171,dry_cool,29.2,138.13,787.66,23.96,15.46,2.28,23.33,15.15,0.97,0.6707,-0.0017,1477.0,10.2,2031.3
6170949609,cell_0110,2026-03-02,0,pseudo_absence,False,3,61,long_rains,72.1,267.83,468.2,24.98,15.21,2.26,28.34,11.7,1.74,0.7623,0.1656,1579.0,15.13,1159.5
4138629354,cell_0101,2023-06-19,0,pseudo_absence,False,6,170,dry_cool,30.49,157.83,788.32,24.14,16.21,2.09,24.96,16.49,2.06,0.7109,0.0391,1419.0,6.13,612.2
4465454244,cell_0260,2023-12-07,0,pseudo_absence,False,12,341,short_rains,12.86,80.31,638.2,22.41,10.78,1.22,21.17,14.39,2.36,0.7905,0.0679,2007.0,3.32,1910.7
1883745394,cell_0016,2015-03-17,0,pseudo_absence,False,3,76,long_rains,0.0,30.28,97.05,33.7,5.27,2.93,33.35,9.08,2.92,0.301,-0.2213,1227.0,4.71,838.0
3306587041,cell_0183,2017-02-05,0,pseudo_absence,False,2,36,dry_hot,39.86,66.08,183.93,24.49,11.09,2.23,26.73,8.23,2.38,0.4966,-0.111,1837.0,7.84,2650.4
1986755738,cell_0216,2017-09-07,0,pseudo_absence,False,9,250,dry_cool,39.25,135.42,398.37,25.41,13.86,1.45,27.67,13.5,1.18,0.5899,0.0025,1242.0,2.25,2186.0
3926511946,cell_0272,2022-08-03,0,pseudo_absence,False,8,215,dry_cool,81.12,150.7,428.19,23.56,14.41,0.72,24.05,13.89,1.9,0.7021,0.0848,1426.0,2.49,615.6
844526791,cell_0057,2012-07-12,0,pseudo_absence,False,7,194,dry_cool,22.39,141.8,555.01,25.28,14.72,2.14,25.07,15.76,1.29,-0.07,-0.2558,1134.0,0.0,220.8
2692446125,cell_0203,2019-08-14,0,pseudo_absence,False,8,226,dry_cool,43.38,199.74,629.98,20.43,14.51,1.79,21.76,14.1,2.73,0.7959,0.0206,1856.0,7.38,31.3
952810252,cell_0119,2011-02-03,0,pseudo_absence,False,2,34,dry_hot,20.72,78.39,250.17,29.24,11.95,1.9,28.85,13.01,2.37,0.5528,0.0112,1173.0,0.31,1426.4
3498782786,cell_0000,2022-02-10,0,pseudo_absence,False,2,41,dry_hot,40.17,212.41,340.56,27.0,16.19,3.38,27.0,16.19,3.38,0.5779,0.0977,1151.0,5.75,446.0
4611162380,cell_0079,2023-04-06,0,pseudo_absence,False,4,96,long_rains,125.28,341.84,413.47,24.85,17.6,2.68,25.87,16.63,0.95,-0.0924,-0.1195,1134.0,0.0,182.2
3960249312,cell_0223,2022-07-19,0,pseudo_absence,False,7,200,dry_cool,53.47,174.72,599.35,18.78,12.93,1.12,18.78,12.93,1.12,0.7486,0.0587,1981.0,5.55,2512.2
1986779406,cell_0242,2017-08-11,0,pseudo_absence,False,8,223,dry_cool,66.23,306.46,655.07,19.8,13.74,2.37,19.93,13.27,2.7,0.8181,0.0434,2012.0,5.01,2069.1
3306643431,cell_0200,2019-04-14,0,pseudo_absence,False,4,104,long_rains,15.42,63.81,195.6,25.46,14.82,2.83,26.16,15.04,1.63,0.7537,-0.0269,1875.0,4.63,1686.4
4598220374,cell_0046,2024-03-18,0,pseudo_absence,False,3,78,long_rains,0.0,147.79,422.43,28.89,17.57,3.12,28.89,17.57,3.12,0.5676,0.0609,1222.0,2.84,1798.8
6163157536,cell_0088,2026-02-19,0,pseudo_absence,False,2,50,dry_hot,143.39,296.98,504.55,26.57,15.41,2.32,23.21,17.36,3.17,0.6509,0.1013,1468.0,3.1,314.8
4165522909,cell_0072,2023-07-19,0,pseudo_absence,False,7,200,dry_cool,14.77,123.75,565.24,26.69,13.49,1.23,25.99,14.72,1.6,0.6365,0.0172,1394.0,3.7,1607.7
1986748523,cell_0081,2017-09-06,0,pseudo_absence,False,9,249,dry_cool,35.14,97.65,293.27,25.27,15.9,2.68,25.55,15.69,1.62,0.7899,0.0355,1294.0,12.69,1573.2
818697726,cell_0199,2012-02-17,0,pseudo_absence,False,2,48,dry_hot,0.0,7.03,230.74,31.0,0.22,2.82,31.0,0.22,2.82,0.5642,-0.065,1932.0,18.82,1845.0
1415643275,cell_0184,2012-06-25,0,pseudo_absence,False,6,177,dry_cool,90.75,213.11,865.01,19.49,13.87,1.73,21.42,13.24,2.61,0.7927,0.0018,2005.0,11.02,2634.0
3995665119,cell_0079,2022-07-25,0,pseudo_absence,False,7,206,dry_cool,0.0,27.58,447.6,25.26,14.11,0.04,25.26,14.11,0.04,-0.1849,-0.3031,1134.0,0.0,182.2
4600102341,cell_0143,2024-01-05,0,pseudo_absence,False,1,5,dry_hot,33.26,103.41,672.63,21.12,16.35,2.91,21.53,16.01,2.8,0.8084,-0.0426,1544.0,9.75,258.5
1947775597,cell_0288,2018-04-05,0,pseudo_absence,False,4,95,long_rains,74.18,290.86,458.2,23.11,15.03,1.39,20.91,17.7,1.67,0.6462,-0.0991,1908.0,14.7,1168.1
1415636125,cell_0124,2013-05-23,0,pseudo_absence,False,5,143,long_rains,0.0,242.42,821.45,25.17,15.62,1.71,25.05,16.51,2.07,0.7624,-0.0145,1469.0,2.23,108.9
3306687074,cell_0205,2021-03-19,0,pseudo_absence,False,3,78,long_rains,24.25,58.81,197.17,28.33,2.66,3.02,28.33,2.66,3.02,0.6195,-0.0149,1947.0,6.22,1522.9
4413552195,cell_0240,2023-08-26,0,pseudo_absence,False,8,238,dry_cool,0.0,172.62,426.27,23.64,10.52,1.07,22.58,13.01,1.38,0.8702,0.0239,1961.0,6.64,874.4
1986733423,cell_0053,2018-03-20,0,pseudo_absence,False,3,79,long_rains,77.56,191.19,242.84,23.89,16.67,1.98,23.83,18.16,1.85,0.5524,0.0332,1401.0,7.53,1197.1
1415643409,cell_0144,2012-03-09,0,pseudo_absence,False,3,69,long_rains,39.26,84.01,143.32,25.35,11.1,1.8,28.38,6.91,1.88,0.7612,-0.076,1576.0,2.76,215.7
979598415,cell_0158,2001-12-25,0,pseudo_absence,False,12,359,short_rains,10.11,59.92,341.91,30.39,10.14,1.99,29.28,11.62,2.79,0.5013,-0.1053,1208.0,1.24,1665.6
4165353690,cell_0011,2023-07-18,0,pseudo_absence,False,7,199,dry_cool,16.46,90.78,426.2,26.91,15.0,1.59,27.3,14.82,1.97,0.556,0.0144,1200.0,2.49,663.9
576971039,cell_0310,2011-01-21,0,pseudo_absence,False,1,21,dry_hot,25.66,86.59,242.38,20.69,8.54,2.08,22.77,5.33,0.82,0.8998,0.0205,2214.0,8.71,109.7
3347167607,cell_0253,2011-05-26,0,pseudo_absence,False,5,146,long_rains,18.74,177.36,386.18,22.81,15.77,1.02,22.35,16.55,0.81,0.6689,-0.0062,1275.0,1.24,1333.7
2249872929,cell_0243,2016-05-04,0,pseudo_absence,False,5,125,long_rains,51.87,311.62,517.12,21.65,14.63,0.86,22.0,15.56,1.41,0.6523,-0.1203,1990.0,6.8,1711.3
2182207962,cell_0064,2018-06-22,0,pseudo_absence,False,6,173,dry_cool,25.42,136.05,785.12,23.81,15.09,2.29,23.95,13.37,2.28,0.6707,-0.0017,1477.0,10.2,2031.3
3306587039,cell_0183,2017-02-05,0,pseudo_absence,False,2,36,dry_hot,39.86,66.08,183.93,24.49,11.09,2.23,26.73,8.23,2.38,0.4966,-0.111,1837.0,7.84,2650.4
1986732273,cell_0098,2017-06-01,0,pseudo_absence,False,6,152,dry_cool,38.18,235.6,569.44,28.56,16.06,1.74,27.44,15.66,0.21,0.7653,0.0872,1139.0,1.38,1099.9
6422488547,cell_0146,2026-06-22,0,pseudo_absence,False,6,173,dry_cool,15.82,70.99,541.68,25.89,12.16,1.12,24.59,14.55,1.96,0.8545,0.0012,1578.0,4.01,910.1
2979481808,cell_0193,2017-02-17,0,pseudo_absence,False,2,48,dry_hot,9.62,64.81,156.47,31.76,5.34,1.68,26.5,13.54,3.07,0.4857,0.0134,1243.0,0.98,963.0
3498782785,cell_0000,2022-02-10,0,pseudo_absence,False,2,41,dry_hot,40.17,212.41,340.56,27.0,16.19,3.38,27.0,16.19,3.38,0.5779,0.0977,1151.0,5.75,446.0
5297261755,cell_0181,2024-05-11,0,pseudo_absence,False,5,132,long_rains,95.97,336.98,792.62,22.52,15.56,1.6,23.89,13.98,1.4,0.8682,0.0031,1966.0,6.64,4162.9
2249871956,cell_0223,2016-05-05,0,pseudo_absence,False,5,126,long_rains,66.97,315.12,530.7,21.05,15.19,1.02,19.48,16.95,1.16,0.7118,0.0242,1981.0,5.55,2512.2
3513911260,cell_0040,2021-05-03,0,pseudo_absence,False,5,123,long_rains,48.58,246.72,442.85,25.11,19.09,2.47,22.96,19.69,3.46,0.6254,-0.0207,1215.0,2.49,1010.9
942031673,cell_0098,2013-02-27,0,pseudo_absence,False,2,58,dry_hot,0.0,72.02,314.87,33.1,8.03,1.76,33.42,7.33,1.55,0.5695,0.0281,1139.0,1.38,1099.9
2611310689,cell_0287,2015-11-25,0,pseudo_absence,False,11,329,short_rains,20.8,140.16,338.02,22.37,14.61,1.47,20.68,15.33,2.1,0.7908,0.0431,1469.0,1.8,31.4
1986741901,cell_0099,2018-01-02,0,pseudo_absence,False,1,2,dry_hot,0.0,27.06,344.41,27.24,15.85,2.13,25.54,16.43,2.17,0.5027,-0.0244,1147.0,0.62,348.4
4976342516,cell_0283,2024-10-21,0,pseudo_absence,False,10,295,short_rains,56.53,184.64,460.43,19.23,13.63,2.24,21.2,13.77,1.22,0.8317,0.0335,1983.0,4.79,1062.0
4993958872,cell_0242,2024-12-03,0,pseudo_absence,False,12,338,short_rains,48.39,248.88,538.79,20.99,12.52,0.79,22.33,11.04,1.33,0.7572,0.0109,2012.0,5.01,2069.1
2882955668,cell_0297,2020-10-05,0,pseudo_absence,False,10,279,short_rains,18.65,177.18,597.47,21.36,10.91,1.95,22.1,9.69,1.85,0.8344,0.0205,2139.0,4.78,1448.7
3512802210,cell_0040,2021-05-03,0,pseudo_absence,False,5,123,long_rains,48.58,246.72,442.85,25.11,19.09,2.47,22.96,19.69,3.46,0.6254,-0.0207,1215.0,2.49,1010.9
1831098922,cell_0106,2018-02-26,0,pseudo_absence,False,2,57,dry_hot,39.48,58.75,139.27,25.75,16.53,2.89,26.34,17.86,2.81,0.4611,-0.1401,1503.0,3.41,533.0
6430955390,cell_0065,2026-06-16,0,pseudo_absence,False,6,167,dry_cool,0.0,62.45,691.58,25.22,15.01,2.6,25.16,11.03,2.2,0.784,0.0839,1566.0,3.32,1486.0
4046265396,cell_0047,2023-02-20,0,pseudo_absence,False,2,51,dry_hot,0.0,5.52,321.36,31.56,5.25,3.63,31.56,5.25,3.63,0.4731,-0.0658,1399.0,1.66,1660.7
46822657,cell_0251,2001-02-21,0,pseudo_absence,False,2,52,dry_hot,0.0,96.22,403.81,26.48,7.69,1.09,26.79,7.4,0.97,0.5185,-0.057,1602.0,10.18,933.8
4029735943,cell_0080,2023-01-21,0,pseudo_absence,False,1,21,dry_hot,0.0,68.1,492.13,28.22,11.67,2.99,30.2,11.22,1.67,0.5426,-0.026,1134.0,2.18,131.6
4506306788,cell_0057,2023-12-16,0,pseudo_absence,False,12,350,short_rains,41.94,156.82,438.73,25.36,18.49,2.59,26.12,18.87,0.99,-0.0063,-0.1356,1134.0,0.0,220.8
3347162425,cell_0253,2011-05-26,0,pseudo_absence,False,5,146,long_rains,18.74,177.36,386.18,22.81,15.77,1.02,22.35,16.55,0.81,0.6689,-0.0062,1275.0,1.24,1333.7
1947775587,cell_0107,2018-04-06,0,pseudo_absence,False,4,96,long_rains,79.85,307.39,503.32,23.44,17.49,1.75,22.36,19.18,1.36,0.8159,-0.0073,1545.0,5.27,1566.1
2190418173,cell_0079,2018-10-01,0,pseudo_absence,False,10,274,short_rains,12.57,51.36,245.69,28.4,13.32,1.47,28.25,11.93,1.76,-0.1932,-0.3612,1134.0,0.0,182.2
3955496515,cell_0053,2022-07-13,0,pseudo_absence,False,7,194,dry_cool,0.0,61.92,566.94,26.64,11.07,1.21,26.05,11.72,0.76,0.6921,0.0515,1401.0,7.53,1197.1
3030315394,cell_0301,2020-09-01,0,pseudo_absence,False,9,245,dry_cool,54.79,218.43,589.23,22.44,13.01,1.59,23.23,11.93,2.05,0.736,0.0904,1574.0,13.89,428.5
3819436906,cell_0130,2022-05-14,0,pseudo_absence,False,5,134,long_rains,37.81,352.1,772.8,25.12,13.04,1.0,25.53,13.39,0.61,0.7629,0.0416,1445.0,3.9,246.5
4165554721,cell_0011,2023-07-18,0,pseudo_absence,False,7,199,dry_cool,16.46,90.78,426.2,26.91,15.0,1.59,27.3,14.82,1.97,0.556,0.0144,1200.0,2.49,663.9
6170942262,cell_0109,2026-02-23,0,pseudo_absence,False,2,54,dry_hot,63.47,209.38,411.55,23.03,16.02,1.84,20.98,15.02,0.42,0.6727,0.0856,1709.0,6.13,1946.7
4465417247,cell_0260,2023-12-07,0,pseudo_absence,False,12,341,short_rains,12.86,80.31,638.2,22.41,10.78,1.22,21.17,14.39,2.36,0.7905,0.0679,2007.0,3.32,1910.7
4610147151,cell_0163,2023-08-28,0,pseudo_absence,False,8,240,dry_cool,44.64,202.2,683.34,25.06,13.06,1.23,24.16,14.03,1.75,0.6437,-0.0274,1590.0,5.16,259.1
3347168803,cell_0253,2011-05-26,0,pseudo_absence,False,5,146,long_rains,18.74,177.36,386.18,22.81,15.77,1.02,22.35,16.55,0.81,0.6689,-0.0062,1275.0,1.24,1333.7
2832385617,cell_0164,2012-05-12,0,pseudo_absence,False,5,133,long_rains,71.35,455.54,642.51,21.22,16.54,1.32,22.05,17.23,1.37,0.8955,0.02,1665.0,0.98,1332.4
3351082197,cell_0193,2013-03-10,0,pseudo_absence,False,3,69,long_rains,45.02,59.55,323.83,28.92,12.02,2.68,25.7,15.19,2.95,0.439,-0.0675,1243.0,0.98,963.0
1986732396,cell_0221,2017-12-04,0,pseudo_absence,False,12,338,short_rains,20.92,158.34,544.5,23.29,10.66,0.68,23.72,10.02,0.49,0.8095,0.0297,1936.0,2.54,2738.2
1883745767,cell_0016,2015-03-17,0,pseudo_absence,False,3,76,long_rains,0.0,30.28,97.05,33.7,5.27,2.93,33.35,9.08,2.92,0.301,-0.2213,1227.0,4.71,838.0
577269698,cell_0158,2011-01-20,0,pseudo_absence,False,1,20,dry_hot,19.72,111.0,251.87,27.34,13.35,2.54,26.54,13.88,3.28,0.6199,0.0335,1208.0,1.24,1665.6
3336680784,cell_0039,2021-08-20,0,pseudo_absence,False,8,232,dry_cool,27.04,68.07,197.63,25.78,14.74,1.71,24.68,16.03,2.85,0.5535,0.0047,1234.0,3.45,1301.7
4112217638,cell_0141,2023-05-05,0,pseudo_absence,False,5,125,long_rains,159.8,357.93,832.57,22.95,16.46,2.14,23.43,16.93,2.22,0.7652,-0.0301,1749.0,3.95,807.9
4919681435,cell_0117,2024-05-01,0,pseudo_absence,False,5,122,long_rains,23.66,284.97,638.33,25.87,18.56,2.67,25.42,19.17,2.87,0.6503,0.0785,1154.0,0.44,974.1
2669388624,cell_0160,2019-05-04,0,pseudo_absence,False,5,124,long_rains,81.41,216.84,414.98,25.71,15.85,1.77,26.11,16.82,1.21,0.7842,-0.0169,1750.0,4.06,1760.7
857832132,cell_0144,2011-02-07,0,pseudo_absence,False,2,38,dry_hot,38.29,86.92,263.38,25.64,10.18,2.53,27.29,6.77,3.07,0.8531,0.0102,1576.0,2.76,215.7
657600861,cell_0125,2001-09-07,0,pseudo_absence,False,9,250,dry_cool,59.18,220.27,552.71,23.79,15.44,2.21,25.54,15.89,1.83,0.75,0.0304,1551.0,3.61,1802.8
958752205,cell_0126,2013-06-06,0,pseudo_absence,False,6,157,dry_cool,26.86,122.52,902.51,24.34,15.6,1.67,24.26,16.44,1.92,0.8275,-0.0335,1537.0,3.73,66.2
6431686408,cell_0289,2026-06-29,0,pseudo_absence,False,6,180,dry_cool,0.0,106.03,497.0,24.4,12.49,1.58,25.04,14.24,1.43,0.7166,-0.039,1738.0,16.97,1273.1
2249871804,cell_0223,2016-05-05,0,pseudo_absence,False,5,126,long_rains,66.97,315.12,530.7,21.05,15.19,1.02,19.48,16.95,1.16,0.7118,0.0242,1981.0,5.55,2512.2
4112181621,cell_0141,2023-05-05,0,pseudo_absence,False,5,125,long_rains,159.8,357.93,832.57,22.95,16.46,2.14,23.43,16.93,2.22,0.7652,-0.0301,1749.0,3.95,807.9
3995401804,cell_0033,2022-10-21,0,pseudo_absence,False,10,294,short_rains,16.01,152.92,528.13,24.79,15.5,3.26,24.79,15.5,3.26,0.6988,-0.0047,1507.0,3.52,1785.4
4458439894,cell_0165,2023-11-25,0,pseudo_absence,False,11,329,short_rains,18.56,197.37,803.71,22.2,16.72,1.7,21.45,16.89,1.87,0.8882,0.032,1598.0,5.97,779.2
6162782062,cell_0109,2026-02-22,0,pseudo_absence,False,2,53,dry_hot,55.67,196.56,398.93,23.54,16.14,2.05,21.31,17.4,2.39,0.6727,0.0856,1709.0,6.13,1946.7
4903768712,cell_0175,2024-06-05,0,pseudo_absence,False,6,157,dry_cool,29.89,119.87,585.25,28.43,16.55,1.4,28.85,15.93,1.21,0.7228,0.1789,1154.0,0.69,1361.2
3356269658,cell_0143,2021-09-11,0,pseudo_absence,False,9,254,dry_cool,41.24,258.05,626.01,22.4,15.46,2.06,20.82,16.4,0.95,0.9045,0.0509,1544.0,9.75,258.5
3030714769,cell_0301,2020-12-01,0,pseudo_absence,False,12,336,short_rains,108.57,207.96,570.9,22.74,14.3,1.55,25.94,9.1,1.03,0.731,0.1078,1574.0,13.89,428.5
1986738959,cell_0278,2017-07-12,0,pseudo_absence,False,7,193,dry_cool,34.06,138.16,526.51,20.1,12.73,1.88,17.88,12.49,2.9,0.7615,-0.0164,2035.0,4.94,2789.3
4416307337,cell_0137,2023-03-16,0,pseudo_absence,False,3,75,long_rains,50.84,95.73,266.02,25.27,17.13,2.46,25.36,17.13,2.36,0.507,-0.0821,1152.0,0.31,379.6
3819425172,cell_0041,2022-06-21,0,pseudo_absence,False,6,172,dry_cool,12.83,93.17,439.34,25.83,15.41,1.65,26.04,13.62,1.44,0.6347,0.0119,1144.0,0.62,543.9
865162334,cell_0020,2001-10-01,0,pseudo_absence,False,10,274,short_rains,37.16,215.05,444.35,22.71,16.94,2.58,20.53,17.68,1.55,0.621,-0.0683,1447.0,2.23,966.1
657645184,cell_0125,2001-09-07,0,pseudo_absence,False,9,250,dry_cool,59.18,220.27,552.71,23.79,15.44,2.21,25.54,15.89,1.83,0.75,0.0304,1551.0,3.61,1802.8
1986779663,cell_0278,2018-05-12,0,pseudo_absence,False,5,132,long_rains,42.15,335.27,697.85,20.55,14.63,1.2,23.22,11.35,0.2,0.7142,-0.0218,2035.0,4.94,2789.3
2366589721,cell_0142,2019-03-14,0,pseudo_absence,False,3,73,long_rains,0.0,152.77,254.05,27.68,7.89,2.03,29.28,4.91,2.29,0.6524,-0.0333,1679.0,5.05,1928.5
3819425175,cell_0041,2022-06-21,0,pseudo_absence,False,6,172,dry_cool,12.83,93.17,439.34,25.83,15.41,1.65,26.04,13.62,1.44,0.6347,0.0119,1144.0,0.62,543.9
3818326658,cell_0193,2013-03-10,0,pseudo_absence,False,3,69,long_rains,45.02,59.55,323.83,28.92,12.02,2.68,25.7,15.19,2.95,0.439,-0.0675,1243.0,0.98,963.0
3819425165,cell_0041,2022-06-21,0,pseudo_absence,False,6,172,dry_cool,12.83,93.17,439.34,25.83,15.41,1.65,26.04,13.62,1.44,0.6347,0.0119,1144.0,0.62,543.9
3306584219,cell_0200,2017-02-27,0,pseudo_absence,False,2,58,dry_hot,77.39,227.62,259.25,25.03,13.77,2.26,24.77,15.06,1.32,0.7359,0.0485,1875.0,4.63,1686.4
3306568590,cell_0182,2015-12-31,0,pseudo_absence,False,12,365,short_rains,22.92,150.67,587.43,23.36,11.82,1.17,24.71,10.1,2.29,0.8685,0.0136,1808.0,9.37,269.7
2669556626,cell_0160,2019-05-04,0,pseudo_absence,False,5,124,long_rains,81.41,216.84,414.98,25.71,15.85,1.77,26.11,16.82,1.21,0.7842,-0.0169,1750.0,4.06,1760.7
1668880348,cell_0283,2017-09-15,0,pseudo_absence,False,9,258,dry_cool,29.24,214.21,591.54,20.62,12.57,2.24,20.06,12.74,2.11,0.8179,0.0355,1983.0,4.79,1062.0
4111979654,cell_0141,2023-05-05,0,pseudo_absence,False,5,125,long_rains,159.8,357.93,832.57,22.95,16.46,2.14,23.43,16.93,2.22,0.7652,-0.0301,1749.0,3.95,807.9
818513200,cell_0265,2012-02-16,0,pseudo_absence,False,2,47,dry_hot,0.0,0.0,252.93,28.99,1.19,3.2,28.99,1.19,3.2,0.8011,-0.0266,1810.0,2.25,218.1
958752802,cell_0126,2013-06-06,0,pseudo_absence,False,6,157,dry_cool,26.86,122.52,902.51,24.34,15.6,1.67,24.26,16.44,1.92,0.8275,-0.0335,1537.0,3.73,66.2
2697658003,cell_0203,2019-09-06,0,pseudo_absence,False,9,249,dry_cool,74.95,264.73,677.48,21.04,15.04,1.91,22.45,14.22,1.85,0.8091,0.0425,1856.0,7.38,31.3
4903835699,cell_0297,2024-06-26,0,pseudo_absence,False,6,178,dry_cool,29.53,108.19,679.56,20.97,10.91,1.3,19.19,11.86,1.14,0.8334,0.0225,2139.0,4.78,1448.7
4028689042,cell_0279,2023-01-06,0,pseudo_absence,False,1,6,dry_hot,0.0,154.55,412.57,22.91,7.46,2.2,22.83,7.6,2.21,0.5544,-0.0508,1978.0,0.31,166.9
6441992609,cell_0142,2026-07-04,0,pseudo_absence,False,7,185,dry_cool,20.47,53.67,592.06,22.87,13.99,2.02,23.69,13.05,1.89,0.7869,0.003,1679.0,5.05,1928.5
818380902,cell_0158,2012-02-18,0,pseudo_absence,False,2,49,dry_hot,7.23,15.99,210.12,34.72,0.23,1.73,34.72,0.23,1.73,0.3899,-0.1369,1208.0,1.24,1665.6
1883745976,cell_0016,2015-03-17,0,pseudo_absence,False,3,76,long_rains,0.0,30.28,97.05,33.7,5.27,2.93,33.35,9.08,2.92,0.301,-0.2213,1227.0,4.71,838.0
