rainfall_7d,rainfall_30d,rainfall_90d,temp_mean_7d,dewpoint_mean_7d,wind_mean_7d,temp_same_day,dewpoint_same_day,wind_same_day,ndvi_nearest_composite,ndvi_anomaly,elevation_m,slope_deg,dist_to_water_m,presence
70.49,310.08,573.74,27.81,15.28,1.86,24.28,16.06,0.87,0.6869,0.1463,1158.0,0.98,231.0,1
70.49,310.08,573.74,27.81,15.28,1.86,24.28,16.06,0.87,0.6869,0.1463,1158.0,0.98,231.0,1
57.97,149.83,613.94,24.46,18.41,3.18,23.84,19.16,3.76,0.63,0.0614,1134.0,2.18,131.6,1
57.97,149.83,613.94,24.46,18.41,3.18,23.84,19.16,3.76,0.63,0.0614,1134.0,2.18,131.6,1
45.27,118.18,470.3,30.25,14.85,2.26,29.34,15.75,2.24,0.5334,0.0111,1158.0,0.98,231.0,1
53.85,162.9,540.68,26.68,17.52,2.7,26.6,18.14,2.98,0.6966,0.1903,1134.0,2.18,131.6,1
49.96,171.44,472.78,29.19,14.92,1.76,29.49,14.3,1.09,0.6246,0.1023,1158.0,0.98,231.0,1
23.01,161.45,495.79,26.86,17.2,2.67,26.25,17.61,2.44,0.6966,0.1903,1134.0,2.18,131.6,1
53.85,162.9,540.68,26.68,17.52,2.7,26.6,18.14,2.98,0.6966,0.1903,1134.0,2.18,131.6,1
23.01,161.45,495.79,26.86,17.2,2.67,26.25,17.61,2.44,0.6966,0.1903,1134.0,2.18,131.6,1
23.01,161.45,495.79,26.86,17.2,2.67,26.25,17.61,2.44,0.6966,0.1903,1134.0,2.18,131.6,1
58.09,223.52,488.12,31.84,13.88,1.57,33.75,11.23,1.32,0.6011,0.0605,1158.0,0.98,231.0,1
21.68,84.05,636.37,26.06,14.89,1.76,25.99,15.18,2.15,0.0045,-0.5446,1134.0,2.18,131.6,1
21.68,84.05,636.37,26.06,14.89,1.76,25.99,15.18,2.15,0.0045,-0.5446,1134.0,2.18,131.6,1
21.68,77.39,625.56,25.69,15.31,1.82,25.31,15.89,1.95,0.0045,-0.5446,1134.0,2.18,131.6,1
21.68,77.39,625.56,25.69,15.31,1.82,25.31,15.89,1.95,0.0045,-0.5446,1134.0,2.18,131.6,1
27.88,123.38,600.2,26.32,17.4,2.59,25.03,16.3,1.82,-0.1826,-0.2954,1134.0,0.0,1338.5,1
21.68,77.39,625.56,25.69,15.31,1.82,25.31,15.89,1.95,0.0045,-0.5446,1134.0,2.18,131.6,1
21.68,84.05,636.37,26.06,14.89,1.76,25.99,15.18,2.15,0.0045,-0.5446,1134.0,2.18,131.6,1
21.68,84.05,636.37,26.06,14.89,1.76,25.99,15.18,2.15,0.0045,-0.5446,1134.0,2.18,131.6,1
21.68,77.39,625.56,25.69,15.31,1.82,25.31,15.89,1.95,0.0045,-0.5446,1134.0,2.18,131.6,1
21.68,77.39,625.56,25.69,15.31,1.82,25.31,15.89,1.95,0.0045,-0.5446,1134.0,2.18,131.6,1
21.68,84.05,636.37,26.06,14.89,1.76,25.99,15.18,2.15,0.0045,-0.5446,1134.0,2.18,131.6,1
18.94,109.53,324.89,26.72,15.23,1.82,26.73,14.64,0.84,0.5411,-0.0313,1158.0,0.98,231.0,1
18.94,109.53,324.89,26.72,15.23,1.82,26.73,14.64,0.84,0.5411,-0.0313,1158.0,0.98,231.0,1
18.94,109.53,324.89,26.72,15.23,1.82,26.73,14.64,0.84,0.5411,-0.0313,1158.0,0.98,231.0,1
18.94,109.53,324.89,26.72,15.23,1.82,26.73,14.64,0.84,0.5411,-0.0313,1158.0,0.98,231.0,1
18.94,109.53,324.89,26.72,15.23,1.82,26.73,14.64,0.84,0.5411,-0.0313,1158.0,0.98,231.0,1
41.31,66.14,231.55,27.05,16.68,3.34,24.7,18.27,3.66,0.5859,0.1259,1145.0,1.66,1141.6,1
103.28,187.32,405.04,25.17,17.74,3.33,23.67,18.82,3.45,0.1872,-0.3326,1134.0,2.18,131.6,1
4.74,14.75,354.82,33.18,4.79,1.71,35.25,-5.47,0.61,0.4114,-0.1109,1158.0,0.98,231.0,1
60.65,102.38,270.71,26.04,17.0,2.46,25.78,17.25,2.6,0.4112,-0.1294,1158.0,0.98,231.0,1
99.21,289.9,541.53,25.17,18.45,3.52,24.99,17.25,2.34,0.6336,0.069,1134.0,2.18,131.6,1
103.33,324.09,392.08,26.54,17.58,1.83,27.11,17.22,1.13,0.549,-0.091,1158.0,0.98,231.0,1
99.21,289.9,541.53,25.17,18.45,3.52,24.99,17.25,2.34,0.6336,0.069,1134.0,2.18,131.6,1
37.6,288.86,824.75,27.67,15.85,1.97,28.03,14.46,1.05,-0.1213,-0.6744,1134.0,2.18,131.6,1
37.6,288.86,824.75,27.67,15.85,1.97,28.03,14.46,1.05,-0.1213,-0.6744,1134.0,2.18,131.6,1
37.6,288.86,824.75,27.67,15.85,1.97,28.03,14.46,1.05,-0.1213,-0.6744,1134.0,2.18,131.6,1
37.6,288.86,824.75,27.67,15.85,1.97,28.03,14.46,1.05,-0.1213,-0.6744,1134.0,2.18,131.6,1
37.6,288.86,824.75,27.67,15.85,1.97,28.03,14.46,1.05,-0.1213,-0.6744,1134.0,2.18,131.6,1
30.82,266.45,615.95,26.77,16.68,1.35,27.8,14.96,0.99,0.7395,0.0811,1142.0,0.31,338.1,1
0.0,77.03,536.25,27.03,13.66,1.81,27.71,11.66,1.02,0.0543,-0.4332,1134.0,2.18,131.6,1
2.83,69.51,282.97,28.48,13.63,1.45,28.36,13.21,1.47,0.5281,0.0614,1134.0,2.18,131.6,1
102.73,323.76,503.61,24.43,18.4,3.26,23.19,19.56,4.01,0.5733,0.0535,1134.0,2.18,131.6,1
86.28,322.82,506.64,24.42,18.24,3.09,26.77,16.72,1.45,0.5733,0.0535,1134.0,2.18,131.6,1
86.28,322.82,506.64,24.42,18.24,3.09,26.77,16.72,1.45,0.5733,0.0535,1134.0,2.18,131.6,1
66.58,292.69,647.21,24.06,18.49,2.82,22.74,19.64,4.19,0.7143,0.1945,1134.0,2.18,131.6,1
66.58,292.69,647.21,24.06,18.49,2.82,22.74,19.64,4.19,0.7143,0.1945,1134.0,2.18,131.6,1
73.32,146.52,309.31,25.46,12.44,2.24,24.34,14.75,2.07,0.5803,-0.0335,1426.0,2.49,615.6,1
73.32,146.52,309.31,25.46,12.44,2.24,24.34,14.75,2.07,0.5803,-0.0335,1426.0,2.49,615.6,1
36.39,123.28,294.54,28.71,11.24,2.08,23.63,17.23,3.11,0.699,0.0332,1170.0,0.31,723.3,1
91.95,234.44,441.48,26.14,16.7,3.49,26.48,15.9,2.72,0.4954,0.1109,1145.0,1.66,1141.6,1
34.36,149.97,308.52,28.07,14.37,2.38,27.94,14.14,1.66,-0.1587,-0.3233,1134.0,0.0,16.7,1
93.87,260.53,426.57,28.08,14.81,2.37,30.21,12.22,1.11,0.3919,-0.0404,1148.0,0.0,1402.7,1
2.3,189.9,418.83,32.98,7.03,2.21,31.09,10.85,2.82,0.4998,-0.0408,1158.0,0.98,231.0,1
8.42,195.22,449.06,30.89,10.81,2.71,30.11,12.7,2.94,0.4698,-0.0463,1147.0,0.62,348.4,1
0.0,183.01,428.15,29.76,11.24,2.73,28.77,13.99,2.59,0.4046,-0.124,1134.0,2.18,131.6,1
0.0,193.71,428.15,29.76,11.36,2.78,28.84,14.64,3.84,0.4046,-0.124,1134.0,2.18,131.6,1
8.42,195.22,449.06,30.89,10.81,2.71,30.11,12.7,2.94,0.4698,-0.0463,1147.0,0.62,348.4,1
4.12,197.74,444.76,31.88,9.18,2.71,33.37,5.89,1.89,0.4698,-0.0463,1147.0,0.62,348.4,1
8.42,195.22,449.06,30.89,10.81,2.71,30.11,12.7,2.94,0.4698,-0.0463,1147.0,0.62,348.4,1
0.0,155.03,517.37,29.08,12.45,1.88,29.95,11.81,2.09,0.5603,-0.0835,1142.0,0.31,338.1,1
15.93,355.9,708.59,26.59,16.83,2.25,26.96,16.36,2.24,0.4741,-0.079,1134.0,2.18,131.6,1
17.97,143.24,706.6,24.92,15.74,2.21,25.39,16.05,2.29,0.6527,0.1036,1134.0,2.18,131.6,1
26.48,141.2,692.31,24.84,15.52,2.28,25.89,15.59,2.33,0.6527,0.1036,1134.0,2.18,131.6,1
23.75,149.81,712.02,25.35,14.94,2.39,25.7,14.01,2.56,0.6527,0.1036,1134.0,2.18,131.6,1
23.75,149.81,712.02,25.35,14.94,2.39,25.7,14.01,2.56,0.6527,0.1036,1134.0,2.18,131.6,1
0.0,43.29,477.49,26.39,13.36,2.67,27.73,13.09,0.61,0.6194,0.1435,1145.0,1.66,1141.6,1
0.0,38.69,374.33,26.39,13.18,2.48,27.74,12.94,0.59,0.6697,0.1111,1144.0,0.62,543.9,1
0.0,43.29,473.41,26.47,13.56,2.4,25.88,15.08,1.28,0.6041,0.1282,1145.0,1.66,1141.6,1
40.93,120.28,366.06,29.06,13.71,2.08,27.35,14.76,1.99,0.4977,-0.1035,1158.0,0.98,231.0,1
18.15,79.02,505.44,28.06,13.25,2.15,28.63,13.76,3.26,0.7027,0.1281,1164.0,1.11,1038.5,1
4.62,107.95,291.53,28.48,12.78,2.61,32.07,5.02,0.67,0.0772,0.0727,1134.0,0.0,182.2,1
4.76,128.19,295.15,28.05,13.64,2.67,31.8,6.03,0.66,0.6359,0.1073,1134.0,2.18,131.6,1
58.66,259.09,432.52,26.0,16.95,2.64,25.9,16.98,3.37,0.6184,0.0538,1134.0,2.18,131.6,1
58.66,259.09,432.52,26.0,16.95,2.64,25.9,16.98,3.37,0.6184,0.0538,1134.0,2.18,131.6,1
119.26,379.15,605.21,25.28,18.12,3.11,26.48,18.0,2.49,0.6629,0.0983,1134.0,2.18,131.6,1
125.75,377.9,705.7,23.23,18.12,1.94,24.06,18.08,1.63,0.6798,0.0035,1158.0,0.98,231.0,1
125.75,377.9,705.7,23.23,18.12,1.94,24.06,18.08,1.63,0.6798,0.0035,1158.0,0.98,231.0,1
21.78,77.7,694.29,26.56,14.14,1.59,27.41,13.51,1.64,0.5256,-0.0432,1147.0,0.62,348.4,1
21.78,77.7,694.29,26.56,14.14,1.59,27.41,13.51,1.64,0.5256,-0.0432,1147.0,0.62,348.4,1
17.64,109.71,661.24,25.49,14.95,1.77,26.34,13.61,1.26,-0.1587,-0.3029,1134.0,0.0,16.7,1
17.64,109.71,661.24,25.49,14.95,1.77,26.34,13.61,1.26,-0.1587,-0.3029,1134.0,0.0,16.7,1
17.64,109.71,661.24,25.49,14.95,1.77,26.34,13.61,1.26,-0.1587,-0.3029,1134.0,0.0,16.7,1
18.32,100.75,215.16,25.39,18.03,2.73,25.44,19.36,1.98,0.6584,0.0804,1144.0,0.62,543.9,1
0.0,90.36,382.08,30.08,9.98,1.09,27.63,12.33,0.97,0.5603,-0.0708,1318.0,2.84,65.0,1
74.86,164.31,424.48,26.33,16.26,2.81,27.26,16.08,2.01,0.6383,0.1185,1134.0,2.18,131.6,1
17.35,124.52,425.13,28.66,14.22,1.61,27.08,15.48,1.07,-0.1587,-0.276,1134.0,0.0,16.7,1
0.0,90.36,382.08,30.08,9.98,1.09,27.63,12.33,0.97,0.5603,-0.0708,1318.0,2.84,65.0,1
0.0,90.36,382.08,30.08,9.98,1.09,27.63,12.33,0.97,0.5603,-0.0708,1318.0,2.84,65.0,1
6.25,61.08,347.08,27.19,16.77,2.14,25.77,18.07,3.59,0.4418,-0.0684,1145.0,1.66,1141.6,1
34.95,105.86,401.17,29.08,13.29,1.73,29.66,13.33,1.03,0.3761,-0.0649,1146.0,0.98,2824.0,1
0.0,90.36,382.08,30.08,9.98,1.09,27.63,12.33,0.97,0.5603,-0.0708,1318.0,2.84,65.0,1
28.34,95.46,352.8,29.09,14.22,1.47,30.12,13.17,1.99,0.6473,0.0034,1158.0,0.98,231.0,1
47.41,154.81,546.74,24.65,17.66,2.3,26.38,18.52,3.58,0.6798,0.1575,1158.0,0.98,231.0,1
47.41,154.81,546.74,24.65,17.66,2.3,26.38,18.52,3.58,0.6798,0.1575,1158.0,0.98,231.0,1
47.41,154.81,546.74,24.65,17.66,2.3,26.38,18.52,3.58,0.6798,0.1575,1158.0,0.98,231.0,1
47.41,154.81,546.74,24.65,17.66,2.3,26.38,18.52,3.58,0.6798,0.1575,1158.0,0.98,231.0,1
98.97,194.53,598.08,24.65,17.66,2.3,26.38,18.52,3.58,0.5872,0.1853,1146.0,0.98,2824.0,1
44.54,240.03,536.59,26.55,18.0,2.43,26.71,17.62,1.5,0.4227,-0.1059,1134.0,2.18,131.6,1
47.96,157.25,583.72,23.5,16.5,1.45,23.9,17.69,1.96,0.6708,0.0415,1225.0,2.41,615.7,1
48.68,159.47,555.5,23.5,16.5,1.45,23.9,17.69,1.96,0.6391,0.0108,1219.0,1.75,2055.9,1
35.46,172.11,505.91,23.85,16.22,1.4,28.02,15.02,0.87,0.7574,0.1006,1181.0,0.69,230.0,1
56.48,254.0,688.09,23.8,18.19,3.08,22.32,18.36,3.98,0.3782,-0.1663,1134.0,2.18,131.6,1
56.48,254.0,688.09,23.8,18.19,3.08,22.32,18.36,3.98,0.3782,-0.1663,1134.0,2.18,131.6,1
56.48,254.0,688.09,23.8,18.19,3.08,22.32,18.36,3.98,0.3782,-0.1663,1134.0,2.18,131.6,1
56.48,254.0,688.09,23.8,18.19,3.08,22.32,18.36,3.98,0.3782,-0.1663,1134.0,2.18,131.6,1
76.89,224.44,718.13,25.31,17.2,2.62,27.52,13.64,1.87,0.5716,0.3451,1134.0,0.0,182.2,1
31.99,70.21,285.27,26.4,14.24,2.32,25.73,15.32,2.06,0.3691,-0.0976,1134.0,2.18,131.6,1
31.99,70.21,285.27,26.4,14.24,2.32,25.73,15.32,2.06,0.3691,-0.0976,1134.0,2.18,131.6,1
13.37,94.22,275.25,26.29,18.36,2.63,27.68,18.23,2.21,0.5456,-0.0064,1215.0,2.49,1010.9,1
13.37,94.22,275.25,26.29,18.36,2.63,27.68,18.23,2.21,0.5456,-0.0064,1215.0,2.49,1010.9,1
83.93,366.53,661.81,26.25,17.47,2.77,27.54,16.77,2.58,0.7115,0.1584,1134.0,2.18,131.6,1
29.4,193.49,435.73,26.32,15.86,2.26,26.57,16.11,2.19,0.7485,0.204,1134.0,2.18,131.6,1
29.4,193.49,435.73,26.32,15.86,2.26,26.57,16.11,2.19,0.7485,0.204,1134.0,2.18,131.6,1
31.23,76.53,514.26,27.19,17.15,2.75,27.73,16.63,3.2,0.2261,0.1511,1134.0,0.0,182.2,1
107.32,341.61,473.72,25.54,18.63,3.21,27.34,17.33,2.43,0.701,0.1364,1134.0,2.18,131.6,1
48.84,76.81,729.76,23.86,15.98,2.53,25.67,14.63,1.91,0.6064,0.0573,1134.0,2.18,131.6,1
49.95,262.84,321.33,25.57,17.56,2.88,26.36,17.11,3.08,0.5311,-0.0335,1134.0,2.18,131.6,1
22.58,97.72,407.88,26.18,14.41,1.88,26.19,14.3,2.45,0.5514,0.0847,1134.0,2.18,131.6,1
0.0,61.74,290.73,34.63,3.28,2.02,34.4,3.29,1.86,0.5437,0.0214,1158.0,0.98,231.0,1
0.0,61.74,290.73,34.63,3.28,2.02,34.4,3.29,1.86,0.5437,0.0214,1158.0,0.98,231.0,1
0.0,168.68,419.45,27.75,14.08,1.84,29.03,12.95,1.48,0.5624,0.0179,1134.0,2.18,131.6,1
0.0,18.85,298.48,32.69,2.47,1.44,34.11,2.04,0.79,0.097,-0.0676,1134.0,0.0,16.7,1
0.0,18.85,298.48,32.69,2.47,1.44,34.11,2.04,0.79,0.097,-0.0676,1134.0,0.0,16.7,1
69.85,78.76,230.35,26.11,15.92,2.99,25.41,17.26,4.17,0.7526,0.224,1134.0,2.18,131.6,1
9.05,74.1,327.75,27.71,13.44,1.47,28.32,11.12,1.45,0.5365,-0.0467,1150.0,1.24,2851.5,1
9.05,74.1,327.75,27.71,13.44,1.47,28.32,11.12,1.45,0.5365,-0.0467,1150.0,1.24,2851.5,1
9.05,74.1,327.75,27.71,13.44,1.47,28.32,11.12,1.45,0.5365,-0.0467,1150.0,1.24,2851.5,1
9.05,74.1,327.75,27.71,13.44,1.47,28.32,11.12,1.45,0.5365,-0.0467,1150.0,1.24,2851.5,1
35.17,163.57,397.63,26.88,16.36,1.55,27.81,15.52,1.29,0.7079,0.0668,1158.0,0.98,231.0,1
64.57,145.52,379.83,23.88,17.37,2.27,25.21,15.44,3.16,0.6723,0.0312,1158.0,0.98,231.0,1
45.7,110.17,271.82,27.37,15.27,1.38,27.3,16.1,1.47,0.5036,-0.1375,1158.0,0.98,231.0,1
49.34,85.68,583.93,25.06,17.85,3.95,25.06,17.85,3.95,0.6978,0.0864,1398.0,8.55,1220.6,0
49.34,85.68,583.93,25.06,17.85,3.95,25.06,17.85,3.95,0.6978,0.0864,1398.0,8.55,1220.6,0
0.0,96.11,348.02,29.46,8.4,2.34,30.11,5.54,2.62,0.8479,0.0074,1581.0,2.18,562.9,0
24.5,85.9,559.55,27.42,13.02,2.7,24.05,17.75,3.62,0.6517,-0.0054,1609.0,5.68,3553.8,0
48.58,219.29,407.57,25.54,17.79,3.69,23.49,19.04,4.08,-0.1304,-0.1319,1134.0,0.0,1338.5,0
0.0,142.9,302.13,27.06,7.48,1.17,27.66,7.64,1.18,0.5341,-0.0547,1422.0,4.66,486.6,0
6.89,95.19,652.36,28.42,12.84,2.51,27.18,14.67,1.46,0.6686,0.0653,1282.0,8.71,2334.3,0
0.0,30.8,386.98,24.4,11.75,1.53,26.41,9.03,0.65,0.6296,-0.0012,1590.0,5.16,259.1,0
0.0,40.92,385.37,26.17,13.26,2.07,28.21,11.19,0.44,0.603,-0.0166,1448.0,0.69,1174.5,0
49.34,85.68,583.93,25.06,17.85,3.95,25.06,17.85,3.95,0.6978,0.0864,1398.0,8.55,1220.6,0
0.0,68.1,492.13,28.22,11.67,2.99,30.2,11.22,1.67,0.5426,-0.026,1134.0,2.18,131.6,0
28.75,135.21,361.31,21.71,16.23,1.6,20.57,16.41,1.48,0.7676,0.0922,2118.0,9.61,2871.4,0
25.66,86.59,242.38,20.69,8.54,2.08,22.77,5.33,0.82,0.8998,0.0205,2214.0,8.71,109.7,0
10.22,32.51,304.87,24.13,9.02,1.68,25.31,7.12,2.4,0.7857,0.0287,1936.0,2.54,2738.2,0
67.31,194.33,388.16,26.14,17.55,3.3,26.0,17.75,3.18,0.6576,0.1576,1227.0,4.71,838.0,0
25.66,86.59,242.38,20.69,8.54,2.08,22.77,5.33,0.82,0.8998,0.0205,2214.0,8.71,109.7,0
39.91,87.67,315.69,24.47,10.6,0.98,26.46,7.63,0.81,0.8356,-0.0101,2010.0,3.45,2293.2,0
111.68,330.65,555.38,23.3,17.15,2.88,24.99,16.19,3.07,0.6616,0.1278,1477.0,10.2,2031.3,0
0.0,138.85,321.45,27.06,7.48,1.17,27.66,7.64,1.18,0.6621,0.0242,1469.0,1.8,31.4,0
0.0,87.6,815.51,24.82,14.04,1.77,24.04,15.02,1.6,0.7962,0.0884,1504.0,9.1,601.3,0
10.64,85.7,301.48,24.16,10.32,1.24,24.81,8.6,2.62,0.6485,-0.0194,1837.0,7.84,2650.4,0
63.33,201.1,355.71,21.74,16.26,2.04,22.58,15.56,1.23,0.7688,0.0235,1908.0,14.7,1168.1,0
19.72,111.0,251.87,27.34,13.35,2.54,26.54,13.88,3.28,0.6199,0.0335,1208.0,1.24,1665.6,0
0.0,138.85,321.45,27.06,7.48,1.17,27.66,7.64,1.18,0.6621,0.0242,1469.0,1.8,31.4,0
0.0,132.83,746.64,20.3,18.24,1.73,20.3,18.24,1.73,0.8675,0.0178,1598.0,5.97,779.2,0
25.66,86.59,242.38,20.9,8.29,1.92,22.54,5.53,1.62,0.8998,0.0205,2214.0,8.71,109.7,0
79.06,187.97,381.98,26.19,17.7,3.31,26.08,17.71,3.42,0.6576,0.1576,1227.0,4.71,838.0,0
0.0,30.8,386.98,24.4,11.75,1.53,26.41,9.03,0.65,0.6296,-0.0012,1590.0,5.16,259.1,0
46.67,212.19,394.83,25.39,17.7,3.71,23.37,18.71,4.09,-0.1428,-0.1914,1134.0,0.0,923.3,0
0.0,105.86,274.71,25.39,4.61,2.88,26.0,4.03,2.19,0.6035,0.0301,2129.0,1.95,1551.4,0
92.74,165.4,772.73,20.67,16.13,3.06,20.67,16.13,3.06,0.6083,-0.138,1679.0,5.05,1928.5,0
0.0,27.06,344.41,26.64,15.82,2.47,25.04,16.12,2.79,0.5027,-0.0244,1147.0,0.62,348.4,0
39.91,87.67,315.69,24.47,10.6,0.98,26.46,7.63,0.81,0.8356,-0.0101,2010.0,3.45,2293.2,0
0.0,35.93,323.73,27.24,15.85,2.13,25.54,16.43,2.17,0.4945,-0.1088,1282.0,8.71,2334.3,0
10.22,32.51,304.87,24.13,9.02,1.68,25.31,7.12,2.4,0.7857,0.0287,1936.0,2.54,2738.2,0
39.94,115.6,551.04,26.1,17.28,2.6,26.1,17.28,2.6,0.594,0.132,1154.0,0.44,974.1,0
6.48,89.48,856.91,26.94,14.02,2.98,26.28,14.53,1.61,0.4297,-0.1389,1134.0,2.18,131.6,0
2.29,39.93,260.79,28.49,12.93,2.71,28.92,13.62,3.8,0.6808,0.1139,1144.0,0.62,543.9,0
143.39,296.98,504.55,26.57,15.41,2.32,23.21,17.36,3.17,0.6509,0.1013,1468.0,3.1,314.8,0
0.0,138.85,321.45,27.06,7.48,1.17,27.66,7.64,1.18,0.6621,0.0242,1469.0,1.8,31.4,0
79.7,253.88,462.92,22.7,15.84,1.92,24.51,16.81,1.17,0.6727,0.0856,1709.0,6.13,1946.7,0
49.34,85.68,583.93,25.06,17.85,3.95,25.06,17.85,3.95,0.6978,0.0864,1398.0,8.55,1220.6,0
0.0,40.92,385.37,26.17,13.26,2.07,28.21,11.19,0.44,0.603,-0.0166,1448.0,0.69,1174.5,0
0.0,7.57,187.95,26.3,10.36,1.97,24.86,12.25,2.57,0.8531,0.0053,1576.0,2.76,215.7,0
0.0,72.02,314.87,33.1,8.03,1.76,33.42,7.33,1.55,0.5695,0.0281,1139.0,1.38,1099.9,0
6.89,95.19,652.36,28.42,12.84,2.51,27.18,14.67,1.46,0.6686,0.0653,1282.0,8.71,2334.3,0
25.66,86.59,242.38,20.69,8.54,2.08,22.77,5.33,0.82,0.8998,0.0205,2214.0,8.71,109.7,0
38.29,133.45,408.64,24.49,17.86,2.53,23.57,19.1,3.01,0.7366,0.0555,1283.0,9.87,242.1,0
78.72,234.68,436.85,23.18,15.86,1.93,22.79,13.99,3.13,0.6727,0.0856,1709.0,6.13,1946.7,0
0.0,133.82,339.8,27.68,7.17,1.3,28.45,7.1,0.76,0.7491,0.1294,1908.0,14.7,1168.1,0
42.82,142.03,546.36,24.34,18.9,3.17,24.06,19.18,3.25,0.7765,0.0755,1286.0,4.33,280.7,0
0.0,94.73,722.45,28.04,12.5,1.68,27.59,13.61,1.28,0.6241,0.0468,1182.0,0.98,1400.2,0
55.67,196.56,398.93,23.54,16.14,2.05,21.31,17.4,2.39,0.6727,0.0856,1709.0,6.13,1946.7,0
39.94,115.6,551.04,26.1,17.28,2.6,26.1,17.28,2.6,0.594,0.132,1154.0,0.44,974.1,0
19.72,111.0,251.87,27.34,13.35,2.54,26.54,13.88,3.28,0.6199,0.0335,1208.0,1.24,1665.6,0
97.3,307.67,525.08,23.85,16.84,3.05,24.13,16.54,3.58,0.6702,0.1228,1474.0,4.41,1084.6,0
0.0,27.06,344.41,26.64,15.82,2.47,25.04,16.12,2.79,0.5027,-0.0244,1147.0,0.62,348.4,0
137.46,247.23,447.18,26.08,13.11,1.47,25.81,14.01,1.82,0.843,0.0025,1581.0,2.18,562.9,0
0.0,100.46,297.18,27.32,7.09,1.17,27.68,6.57,0.85,0.5341,-0.0547,1422.0,4.66,486.6,0
0.0,175.47,502.52,21.86,15.16,1.39,20.6,17.81,1.54,0.6912,0.1095,1574.0,13.89,428.5,0
19.72,111.0,251.87,27.34,13.35,2.54,26.54,13.88,3.28,0.6199,0.0335,1208.0,1.24,1665.6,0
0.0,105.86,274.71,25.39,4.61,2.88,26.0,4.03,2.19,0.6035,0.0301,2129.0,1.95,1551.4,0
0.0,100.46,297.18,27.32,7.09,1.17,27.68,6.57,0.85,0.5341,-0.0547,1422.0,4.66,486.6,0
0.0,181.18,451.6,26.15,10.99,1.81,25.16,13.52,3.87,0.8228,-0.0288,1544.0,9.75,258.5,0
0.0,72.02,314.87,33.1,8.03,1.76,33.42,7.33,1.55,0.5695,0.0281,1139.0,1.38,1099.9,0
0.0,40.92,385.37,26.17,13.26,2.07,28.21,11.19,0.44,0.603,-0.0166,1448.0,0.69,1174.5,0
83.31,260.74,457.01,23.29,16.51,2.28,21.37,18.96,2.88,0.7623,0.161,1579.0,15.13,1159.5,0
4.9,116.94,450.31,25.5,12.7,2.19,26.57,12.81,2.93,0.8648,0.017,1576.0,2.76,215.7,0
0.0,125.83,495.61,25.08,6.65,1.32,25.05,7.64,2.08,0.6609,-0.007,1837.0,7.84,2650.4,0
0.0,118.38,439.0,27.37,12.22,1.86,28.01,13.29,2.19,0.628,0.0322,1551.0,3.61,1802.8,0
10.22,32.51,304.87,24.13,9.02,1.68,25.31,7.12,2.4,0.7857,0.0287,1936.0,2.54,2738.2,0
0.0,132.83,746.64,20.3,18.24,1.73,20.3,18.24,1.73,0.8675,0.0178,1598.0,5.97,779.2,0
15.75,34.39,315.05,26.16,9.59,1.96,27.32,7.48,2.44,0.7485,0.0092,1875.0,4.63,1686.4,0
9.99,178.79,649.76,24.08,14.44,1.92,22.85,17.03,2.65,0.7239,0.0412,1527.0,3.73,49.3,0
7.01,96.65,766.6,28.33,12.72,2.25,27.18,14.67,1.46,0.4908,-0.0363,1147.0,0.62,348.4,0
0.0,175.47,502.52,21.86,15.16,1.39,20.6,17.81,1.54,0.6912,0.1095,1574.0,13.89,428.5,0
0.0,94.73,722.45,28.04,12.5,1.68,27.59,13.61,1.28,0.6241,0.0468,1182.0,0.98,1400.2,0
0.0,105.3,372.64,24.2,9.64,1.84,25.42,5.44,1.52,0.7704,0.1025,1837.0,7.84,2650.4,0
0.0,68.1,492.13,28.22,11.67,2.99,30.2,11.22,1.67,0.5426,-0.026,1134.0,2.18,131.6,0
49.34,85.68,583.93,25.06,17.85,3.95,25.06,17.85,3.95,0.6978,0.0864,1398.0,8.55,1220.6,0
38.29,133.45,408.64,24.49,17.86,2.53,23.57,19.1,3.01,0.7366,0.0555,1283.0,9.87,242.1,0
25.66,86.59,242.38,20.9,8.29,1.92,22.54,5.53,1.62,0.8998,0.0205,2214.0,8.71,109.7,0
10.53,136.94,428.79,25.59,11.31,2.05,27.24,4.75,1.66,0.8645,0.0135,1544.0,9.75,258.5,0
0.0,94.73,722.45,28.04,12.5,1.68,27.59,13.61,1.28,0.6241,0.0468,1182.0,0.98,1400.2,0
42.27,162.93,592.7,21.69,17.11,2.02,21.9,16.48,2.05,0.8619,0.0141,1576.0,2.76,215.7,0
6.76,140.97,541.69,25.67,9.13,1.76,27.06,7.3,2.46,0.8544,0.0034,1544.0,9.75,258.5,0
0.0,87.6,815.51,24.82,14.04,1.77,24.04,15.02,1.6,0.7962,0.0884,1504.0,9.1,601.3,0
39.91,87.67,315.69,24.47,10.6,0.98,26.46,7.63,0.81,0.8356,-0.0101,2010.0,3.45,2293.2,0
10.22,32.51,304.87,24.13,9.02,1.68,25.31,7.12,2.4,0.7857,0.0287,1936.0,2.54,2738.2,0
14.4,126.88,680.73,22.54,18.5,2.66,22.54,18.5,2.66,0.8156,0.247,1134.0,2.18,131.6,0
30.64,99.13,208.93,25.61,7.67,1.73,27.68,4.22,0.52,0.5883,-0.0655,1422.0,4.66,486.6,0
63.33,201.1,355.71,21.74,16.26,2.04,22.58,15.56,1.23,0.7688,0.0235,1908.0,14.7,1168.1,0
2.29,39.93,260.79,28.49,12.93,2.71,28.92,13.62,3.8,0.6808,0.1139,1144.0,0.62,543.9,0
0.0,128.54,385.93,32.24,5.86,1.49,31.67,8.41,3.35,0.6111,0.0438,1219.0,1.75,2055.9,0
0.0,72.02,314.87,33.1,8.03,1.76,33.42,7.33,1.55,0.5695,0.0281,1139.0,1.38,1099.9,0
19.72,111.0,251.87,27.34,13.35,2.54,26.54,13.88,3.28,0.6199,0.0335,1208.0,1.24,1665.6,0
49.07,148.28,543.32,24.32,18.88,3.28,23.79,19.44,3.93,0.7642,0.0632,1286.0,4.33,280.7,0
0.0,118.38,439.0,27.37,12.22,1.86,28.01,13.29,2.19,0.628,0.0322,1551.0,3.61,1802.8,0
89.83,259.56,472.65,23.79,15.65,1.34,25.42,16.57,1.51,0.8616,0.0061,1578.0,4.01,910.1,0
129.79,348.76,573.49,23.49,17.0,2.92,23.61,16.71,3.57,0.6616,0.1278,1477.0,10.2,2031.3,0
26.15,76.76,337.15,26.18,12.83,1.17,28.76,9.3,0.95,0.7809,-0.0511,1578.0,4.01,910.1,0
15.75,34.39,315.05,26.16,9.59,1.96,27.32,7.48,2.44,0.7485,0.0092,1875.0,4.63,1686.4,0
38.23,198.16,561.65,28.1,13.38,1.9,26.93,14.27,2.65,0.6978,0.1746,1243.0,0.98,963.0,0
76.03,252.07,454.23,22.77,15.86,2.11,23.13,16.22,2.09,0.6727,0.0856,1709.0,6.13,1946.7,0
0.0,40.92,385.37,26.17,13.26,2.07,28.21,11.19,0.44,0.603,-0.0166,1448.0,0.69,1174.5,0
0.0,27.06,344.41,27.24,15.85,2.13,25.54,16.43,2.17,0.5027,-0.0244,1147.0,0.62,348.4,0
15.75,34.39,315.05,26.16,9.59,1.96,27.32,7.48,2.44,0.7485,0.0092,1875.0,4.63,1686.4,0
28.75,135.21,361.31,21.71,16.23,1.6,20.57,16.41,1.48,0.7676,0.0922,2118.0,9.61,2871.4,0
0.0,138.85,321.45,27.06,7.48,1.17,27.66,7.64,1.18,0.6621,0.0242,1469.0,1.8,31.4,0
0.0,30.8,386.98,24.4,11.75,1.53,26.41,9.03,0.65,0.6296,-0.0012,1590.0,5.16,259.1,0
0.0,132.96,308.59,24.95,7.22,1.66,25.47,7.33,0.49,0.5542,-0.0853,1942.0,4.63,427.7,0
0.0,96.11,348.02,29.46,8.4,2.34,30.11,5.54,2.62,0.8479,0.0074,1581.0,2.18,562.9,0
24.24,101.76,242.81,25.61,7.67,1.73,27.68,4.22,0.52,0.6735,-0.0188,1469.0,1.8,31.4,0
0.0,143.48,778.9,20.19,18.61,2.38,20.19,18.61,2.38,0.7824,0.0997,1527.0,3.73,49.3,0
0.0,30.8,386.98,24.4,11.75,1.53,26.41,9.03,0.65,0.6296,-0.0012,1590.0,5.16,259.1,0
9.99,178.79,649.76,24.08,14.44,1.92,22.85,17.03,2.65,0.7239,0.0412,1527.0,3.73,49.3,0
7.01,96.65,766.6,28.33,12.72,2.25,27.18,14.67,1.46,0.4908,-0.0363,1147.0,0.62,348.4,0
97.3,307.67,525.08,23.85,16.84,3.05,24.13,16.54,3.58,0.6702,0.1228,1474.0,4.41,1084.6,0
8.93,171.14,429.67,25.34,12.73,1.53,26.34,10.69,2.07,0.8725,0.0245,1665.0,0.98,1332.4,0
0.0,40.92,385.37,26.17,13.26,2.07,28.21,11.19,0.44,0.603,-0.0166,1448.0,0.69,1174.5,0
6.89,95.19,652.36,28.42,12.84,2.51,27.18,14.67,1.46,0.6686,0.0653,1282.0,8.71,2334.3,0
49.07,148.28,543.32,24.32,18.88,3.28,23.79,19.44,3.93,0.7642,0.0632,1286.0,4.33,280.7,0
0.0,72.02,314.87,33.1,8.03,1.76,33.42,7.33,1.55,0.5695,0.0281,1139.0,1.38,1099.9,0
10.53,136.94,428.79,25.59,11.31,2.05,27.24,4.75,1.66,0.8645,0.0135,1544.0,9.75,258.5,0
0.0,128.54,385.93,32.24,5.86,1.49,31.67,8.41,3.35,0.6111,0.0438,1219.0,1.75,2055.9,0
42.13,188.01,364.17,25.99,17.88,3.16,23.55,18.81,3.41,0.5506,0.1008,1151.0,0.44,769.3,0
