record_key,rice_pct_500m,rice_pct_1000m,rice_pct_2000m,dist_to_nearest_rice_m,dist_search_radius_used_m
random_0000,0.0,0.0,0.0,4008.8180262721808,5000
random_0001,0.0,0.0,0.0,9707.844535550592,10000
random_0002,0.0,0.0,0.0,7204.106234915489,10000
random_0003,0.0,0.0,0.0,3305.8694502155313,5000
random_0004,0.0,0.0,0.0,7483.333141725909,10000
random_0005,0.0,0.0,0.0,7550.966346539504,10000
random_0006,0.0,0.0,0.0,9750.908095110508,10000
random_0007,0.0,0.0,0.0,7563.86956889409,10000
random_0008,0.0,0.0,0.0,2689.7066774372897,2000
random_0009,0.0,1.2091128929616901,1.8555651039180114,841.8210759738422,2000
random_0010,0.0,0.0,0.0,11003.649262823728,20000
random_0011,0.0,0.0,0.0,14222.1420588153,20000
random_0012,0.0,0.0,0.0,6160.581165059475,5000
random_0013,0.0,0.0,0.0,9300.111440139755,10000
random_0014,0.0,0.0,0.0,7949.938589911171,10000
random_0015,0.0,0.0,0.0,10108.145916324565,10000
random_0016,0.0,0.0,0.0,8484.55858226024,10000
random_0017,0.0,0.0,0.0,11052.261095845312,10000
random_0018,0.0,0.738195239913453,1.3757598905121107,512.3095956329794,2000
random_0019,0.0,0.0,0.0,11361.215952864892,20000
random_0020,0.0,0.0,0.0,3397.1470642083023,5000
random_0021,0.0,0.0,0.0,2802.224636764053,5000
random_0022,0.0,0.0,0.0,2419.4018846401827,5000
random_0023,0.0,0.0,0.0,3813.4714989098957,5000
random_0024,0.0,0.0,0.0,8160.772279222802,10000
random_0025,0.0,0.0,0.0,4348.889355878863,5000
random_0026,0.0,0.0,0.0,7998.187158726041,10000
random_0027,0.0,0.8081965126638666,0.6317833158280022,739.3636727208747,2000
random_0028,0.0,0.0,0.0,2420.445245062853,2000
random_0029,0.0,0.0,0.0,4427.051422855397,5000
random_0030,0.0,0.0,0.0,7588.094333286273,10000
random_0031,0.0,0.0,0.019096117122851686,1485.5406602952562,2000
random_0032,0.0,0.0,0.0,7979.387036484423,10000
random_0033,0.0,0.0,0.0,15254.209070712923,20000
random_0034,0.0,0.0,0.0,11513.44215832409,20000
random_0035,0.0,0.0,0.0,2827.3350117877085,5000
random_0036,0.0,0.0,0.0,5759.591720941266,10000
random_0037,0.0,0.0,0.0,10546.02202397137,10000
random_0038,0.0,0.0,0.0,3058.58515961694,5000
random_0039,0.0,0.0,0.006365574970559216,1907.7013608959735,2000
random_0040,0.0,0.0,0.0,6154.796397560788,5000
random_0041,0.0,0.0,0.0,3265.4754512826175,5000
random_0042,0.0,0.0,0.0,11517.718597614195,20000
random_0043,0.0,0.0,0.0,4471.767993010023,5000
random_0044,0.0,0.0,0.0,13261.053115249082,20000
random_0045,0.0,0.0,0.0,4146.278527238568,5000
random_0046,0.0,0.0,0.0,8738.918995115027,10000
random_0047,0.0,0.0,0.0,10017.795327448282,20000
random_0048,0.0,0.0,0.0,15497.618302736613,20000
random_0049,0.0,0.0,0.0,9041.562170582618,10000
random_0050,0.0,0.0,0.0,2500.4278396060536,5000
random_0051,0.0,0.0,0.0,3668.5021061722155,5000
random_0052,0.0,0.0,0.0,13338.207397079474,20000
random_0053,0.0,0.0,0.0,3839.6128524250053,5000
random_0054,0.0,0.10182003309151075,0.025462299882236864,669.2227049134758,2000
random_0055,0.0,0.0,0.0,7498.0694160317125,10000
random_0056,0.0,0.0,0.0,9632.531223497224,10000
random_0057,0.0,0.0,0.0,6995.592423782133,10000
random_0058,0.0,0.0,0.0,4464.2833288524525,5000
random_0059,0.0,0.0,0.0,4677.362721776447,5000
random_0060,2.3791348600508906,0.8400152730049638,0.8864063146503709,365.0363447025054,2000
random_0061,0.0,0.0,0.0,2868.2473071680915,5000
random_0062,0.0,0.0,0.0,2355.1203318006956,5000
random_0063,0.0,0.0,0.0,4933.066705583872,5000
random_0064,0.0,0.0,0.0,7429.073763415135,10000
random_0065,0.0,0.0,0.0,13399.45459191007,10000
random_0066,0.0,0.0,0.0,3333.7422141168454,5000
random_0067,0.0,0.0,0.05410566518141312,1226.9548885747743,2000
random_0068,0.0,0.0,0.0,2853.2513221844956,5000
random_0069,0.0,0.0,0.0,9925.164455381851,10000
random_0070,0.0,0.0,0.0,10160.732426359684,10000
random_0071,0.0,0.0,0.0,10079.19385707344,10000
random_0072,0.0,0.0,0.003182787485279608,1901.379400152087,2000
random_0073,0.0,0.0,0.05410566518141312,1281.295266586639,2000
random_0074,1.88295165394402,0.6491027109583811,1.0582768388554697,79.05978573047561,2000
random_0075,3.104325699745547,2.1000381825124093,1.2182119099907698,284.69912770825925,2000
random_0076,0.0,0.0,0.0,3285.0761471870333,5000
random_0077,0.0,0.0,0.0,5443.349595738781,10000
random_0078,0.0,0.0,0.0,5018.666117088033,5000
random_0079,0.0,0.0,0.0,7473.78430053177,10000
random_0080,0.0,0.0,0.0,3532.301279386379,5000
random_0081,0.0,0.0,0.15276772145352122,1285.9144271786708,2000
random_0082,0.0,0.0,0.0,8626.96384262185,10000
random_0083,0.0,0.0,0.0,7921.96012595952,10000
random_0084,0.0,0.0,0.0,5821.086959778132,5000
random_0085,0.0,0.0,0.0,9432.130430392652,10000
random_0086,0.0,0.0,0.0,3976.617316134914,5000
random_0087,0.0,0.0,0.0,4081.8244350835434,5000
random_0088,0.0,0.0,0.0,10252.575137039617,10000
random_0089,0.0,0.0,0.0,2278.607520951554,5000
random_0090,0.0,0.4581464159587668,0.2036902952713616,662.0307710112884,2000
random_0091,0.0,0.0,0.03262357172411598,1951.6430415944394,2000
random_0092,0.0,0.0,0.0,4606.981999513148,5000
random_0093,0.0,0.0,0.0,2382.4585360912415,2000
random_0094,0.0,0.0,0.0,2223.0793342966795,5000
random_0095,0.0,0.0,0.003182787485279608,1522.6652572104024,2000
random_0096,0.0,0.2545500827287769,0.45513861039498393,922.1913907576312,2000
random_0097,1.984732824427481,8.750159093801706,12.90620325280881,221.47918184335467,2000
random_0098,0.0,0.0,0.0,7032.610746338114,10000
random_0099,0.0,0.0,0.0,7573.82029629716,10000
random_0100,0.0,0.0,0.0,6096.886672239563,10000
random_0101,0.0,0.0,0.0,6339.754565577485,10000
random_0102,0.0,0.0,0.0,8405.016299499799,10000
random_0103,0.0,0.0,0.0,11791.600376578255,20000
random_0104,0.0,0.0,0.0,12099.935536843972,20000
random_0105,0.0,0.0,0.0,9098.565513694015,10000
random_0106,0.0,0.0,0.0,8793.807891267932,10000
random_0107,0.0,0.0,0.0,2113.8203528185168,2000
random_0108,0.0,0.0,0.0,4784.713933975776,5000
random_0109,0.0,0.0,0.0,2192.7690607811196,5000
random_0110,0.0,0.0,0.0,5969.957979537889,5000
random_0111,0.0,0.0,0.0,5138.288674369799,5000
random_0112,0.0,0.0,0.0,3176.263180659802,5000
random_0113,0.0,0.0,0.0,4391.045294403582,5000
random_0114,0.0,0.0,0.012730744748567792,1775.589415702083,2000
random_0115,0.0,0.0,0.0,6318.547396159347,5000
random_0116,0.0,0.0,0.0,3361.724057237508,5000
random_0117,0.0,0.0,0.0,7295.010814577011,10000
random_0118,0.0,0.0,0.0,3442.841201102222,5000
random_0119,0.0,0.0,0.0,16359.18268130562,20000
random_0120,0.0,0.0,0.0,4364.981933536959,5000
random_0121,0.0,0.0,0.0,8237.282052515164,10000
random_0122,0.0,0.0,0.0,6210.694293302215,10000
random_0123,0.0,0.0,0.0,6220.500592574215,10000
random_0124,0.0,0.0,0.0,11647.735821174645,20000
random_0125,6.806615776081425,15.553010054728267,15.074477227155542,91.91100670169261,2000
random_0126,0.0,0.0,0.0,3523.0233820184044,5000
random_0127,0.0,0.0,0.0,2857.6691676155215,5000
random_0128,0.0,0.0,0.0,9034.787635826682,10000
random_0129,0.0,0.0,0.0,9294.295734298583,10000
random_0130,0.0,0.0,0.0,12309.36017771809,10000
random_0131,0.0,0.0,0.0,11512.714869718173,10000
random_0132,0.15267175572519084,0.06363752068219422,0.015913937426398038,470.1736569664763,2000
random_0133,0.0,0.0,0.0,6014.978023586626,10000
random_0134,0.0,0.0,0.0,15892.771497385145,20000
random_0135,0.0,0.0,0.0,5282.571430501204,5000
random_0136,0.0,0.7222858597429044,1.355071771857793,506.99608137820525,2000
random_0137,0.0,0.0,0.0,6308.361406128442,10000
random_0138,0.0,0.0,0.0,3669.005721113637,5000
random_0139,0.0,0.0,0.0,5290.68356836859,10000
random_0140,0.0,0.0,0.0,4673.443305113981,5000
random_0141,0.0,0.0,0.0,9775.365789509427,10000
random_0142,0.0,0.0,0.0,8988.397514834722,10000
random_0143,0.0,0.0,0.0,7350.441304677899,10000
random_0144,0.0,0.0,0.0,4228.523506155161,5000
random_0145,0.0,0.0,0.0,5519.620876330861,10000
random_0146,0.0,0.0,0.03819344982335529,1683.2751582455264,2000
random_0147,0.9669211195928753,0.8781977854142803,1.087717623094306,95.12242496132939,2000
random_0148,0.0,0.0,0.0,6921.279058095552,10000
random_0149,0.0,0.0,0.0,10704.25830798729,10000
random_0150,0.0,0.0,0.0,4572.725236142414,5000
random_0151,0.0,0.0,0.0,9369.864192691532,10000
random_0152,0.0,0.0,0.0,7976.872753356097,10000
random_0153,0.0,0.0,0.0,12178.139696054788,20000
random_0154,0.0,0.0,0.0,3933.344190642057,5000
random_0155,0.0,0.0,0.0,8941.2754532768,10000
random_0156,0.0,0.0,0.0,4746.023778602615,5000
random_0157,0.0,0.5600101820033091,1.3033514752219995,630.748515126524,2000
random_0158,0.0,0.0,0.0,6277.886669621295,10000
random_0159,7.150127226463105,6.424207712867506,3.3395397689296287,165.08665299883108,2000
random_0160,0.0,0.0,0.0,2183.2092509933746,2000
random_0161,0.0,0.0,0.0,7918.5296029070505,10000
random_0162,0.0,0.0,0.0,5032.987791046496,5000
random_0163,0.0,0.0,0.0,8968.93010692428,10000
random_0164,0.0,0.0,0.0,4411.173011301768,5000
random_0165,0.0,0.0,0.0,3846.057799305488,5000
random_0166,0.0,0.0,0.0,5247.302985187877,5000
random_0167,0.0,0.0,0.015913430935709738,1045.5105153795687,2000
random_0168,0.0,0.0,0.0,4481.744561070247,5000
random_0169,0.0,0.0,0.0,5287.328745434015,5000
random_0170,0.0,0.0,0.0,5996.412522833625,10000
random_0171,0.0,0.0,0.0,11448.78458406354,20000
random_0172,0.0,0.0,0.0,7457.247840431518,10000
random_0173,0.0,0.0,0.0,4114.238272671458,5000
random_0174,0.0,0.0,0.0,2130.0958568743567,2000
random_0175,0.0,0.0,0.0,11262.230771719864,20000
random_0176,0.0,0.0,0.0,4117.847352941371,5000
random_0177,0.0,0.0,0.0,5094.946759061925,5000
random_0178,0.0,0.0,0.0,2383.092805118364,2000
random_0179,0.0,0.0,0.0,6641.577377015512,10000
random_0180,0.0,0.0,0.0,3997.414447150561,5000
random_0181,0.0,0.0,0.015913937426398038,1202.6178797555183,2000
random_0182,0.0,0.025455008272877687,0.006365574970559216,945.6609020083001,2000
random_0183,0.0,0.0,0.0,8747.178608933746,10000
random_0184,0.0,0.0,0.0,12866.11765139157,10000
random_0185,0.0,0.0,0.251440211337089,1612.2327916758532,2000
random_0186,0.0,0.0,0.0,2345.0399863460543,2000
random_0187,0.0,0.0,0.0,9481.010433614576,10000
random_0188,0.0,0.0,0.0,9843.593437027494,10000
random_0189,0.0,0.0,0.0,8012.1194185977165,10000
random_0190,0.0,0.36906239063345103,0.13685332824111646,679.6410429537328,2000
random_0191,0.0,0.0,0.0,2169.4359067820465,5000
random_0192,0.0,0.0,0.0,12235.561908553198,20000
random_0193,0.0,0.0,0.012730744748567792,1845.0246233521373,2000
random_0194,0.0,0.0,0.0,9806.418065436226,10000
random_0195,0.0,0.0,0.0,4740.590564670474,5000
random_0196,0.0,0.0,0.0,2287.8728544024284,5000
random_0197,0.0,0.0,0.0,9892.437163332803,10000
random_0198,0.0,0.0,0.0,5213.32622685102,5000
random_0199,0.0,0.0,0.05092459976447373,1367.1106017653956,2000
random_0200,0.0,0.0,0.0,7171.237597703193,10000
random_0201,0.0,0.0,0.0,9156.668519452565,10000
random_0202,0.0,0.0,0.0,2749.998738003584,5000
random_0203,0.0,0.0,0.0,4465.991742863907,5000
random_0204,0.0,0.0,0.0,2526.704891917784,2000
random_0205,0.0,0.0,0.0,5043.976551430904,5000
random_0206,2.7480916030534353,0.6872414890232262,0.2609781908164321,205.5270889260337,2000
random_0207,0.0,0.0,0.0,5932.768590855133,5000
random_0208,0.0,0.0,0.0,3694.881641642489,5000
random_0209,0.0,0.0,0.0,9898.189916289448,10000
random_0210,0.0,0.0,0.0,8107.71078018074,10000
random_0211,0.0,3.910525645920835,3.6458830643877906,610.4611368036731,2000
random_0212,0.0,0.0,0.0,4023.148146321562,5000
random_0213,0.0,0.0,0.0,4339.354732301431,5000
random_0214,0.0,0.0,0.0,3038.88162383844,5000
random_0215,0.0,0.0,0.0,7723.897649707914,10000
random_0216,0.0,0.0,0.0,5562.647856222826,5000
random_0217,0.0,0.0,0.0,3487.5316837825544,5000
random_0218,0.0,0.0,0.0,3783.4310599394585,5000
random_0219,0.0,0.0,0.0,7821.207878605814,10000
random_0220,0.0,0.0,0.0,3766.4298947141065,5000
random_0221,0.0,0.0,0.0,2966.8101811243187,5000
random_0222,0.0,0.0,0.012731149941118432,1573.991475322829,2000
random_0223,0.0,0.0,0.0,6262.208859086093,10000
random_0224,0.0,0.0,0.0,11965.575944900675,20000
random_0225,0.0,0.0,0.0,4666.682518223605,5000
random_0226,0.0,0.0,0.0,10699.25014701426,10000
random_0227,0.0,0.0,0.019096117122851686,1231.061601572468,2000
random_0228,0.0,0.0,0.0,2689.46097513941,5000
random_0229,0.0,0.0,0.0,5016.3644754653715,5000
random_0230,0.0,0.0,0.0,5420.1848782662355,5000
random_0231,0.0,0.0,0.0,11423.46210239108,10000
random_0232,0.0,0.0,0.0,4971.488968242222,5000
random_0233,0.0,0.0,0.0,7321.701102646057,10000
random_0234,0.0,0.0,0.0,9970.582516988166,10000
random_0235,1.895674300254453,4.161893852615503,4.976288233234667,71.05894193598718,2000
random_0236,0.0,0.0,0.0,4104.3302171259475,5000
random_0237,0.0,0.0,0.0,11937.696322209309,20000
random_0238,0.0,0.0,0.0,4053.7845026945192,5000
random_0239,0.0,0.0,0.0,2974.7174163091895,5000
random_0240,0.0,0.0,0.0,2382.4600569883855,2000
random_0241,0.0,0.0,0.0,2436.8861962956967,5000
random_0242,0.0,0.0,0.0,5445.992248703322,10000
random_0243,0.0,0.0,0.0,4654.313397854235,5000
random_0244,0.0,0.0,0.0,2395.5599985756517,2000
random_0245,0.0,0.0,0.0,4690.892352972422,5000
random_0246,0.0,0.0,0.0,2664.4239690453646,5000
random_0247,0.0,0.0,0.0,5416.2526007615115,5000
random_0248,0.0,0.0,0.0,10901.682927592581,20000
random_0249,0.0,0.0,0.0,9623.135213707897,10000
random_0250,0.0,0.0,0.0,8776.328451238256,10000
random_0251,0.0,0.0,0.0,12807.375244339008,20000
random_0252,0.0,0.0,0.0,3661.7450700028153,5000
random_0253,0.0,0.0,0.0,6949.764408210581,10000
random_0254,0.0,0.0,0.0,3681.966150755065,5000
random_0255,0.0,0.0,0.03819344982335529,1829.7564387692973,2000
random_0256,0.0,0.0,0.0,4319.522421731181,5000
random_0257,0.0,0.0,0.0,8073.386958450304,10000
random_0258,0.0,0.0,0.0,13950.370397577657,20000
random_0259,0.0,0.0,0.0,3813.4509931320704,5000
random_0260,0.0,0.0,0.019096724911677646,1116.4556187188255,2000
random_0261,0.0,0.0,0.0,12214.48216340545,10000
random_0262,0.0,0.0,0.0127306434544601,1875.7609371762262,2000
random_0263,0.0,0.0,0.0,13565.404365120097,10000
random_0264,0.0,0.0,0.0,6636.955413124014,10000
random_0265,0.0,0.0,0.0,8371.648530711707,10000
