record_key,fold
6184933353,3
6185912418,3
5376050849,4
5580178158,4
5338820371,3
5417085992,4
5490940071,3
5514014985,4
5577743313,4
5595027229,4
5658505906,4
5318947857,3
5303793392,4
5323893090,4
5357465670,4
5381374791,4
5391318149,2
5423787159,4
5443753791,4
5489192820,4
5496191178,4
5553436558,4
5696190217,4
5360295923,3
5422597303,3
5548513902,3
5566723304,3
5632412764,3
6118048856,2
5652265546,4
5709233409,3
4663069541,3
4717316280,4
4722119248,3
4735730773,4
4695453503,4
4700911548,4
4754113701,4
4811662973,4
4827236586,4
4828270078,1
4765455329,4
4736033351,4
4730479913,4
4748163227,4
4767042292,4
4800183157,4
4844263198,4
6117827340,0
6118105595,0
6118124085,3
3735146145,2
4216298308,1
4347715562,3
4234868393,3
4289832734,4
4324413775,4
4337919136,4
4356606769,4
6117833365,4
6118052231,4
4253140802,1
4231451488,4
4224741914,4
4239175629,4
4258105373,4
4354386692,4
6117435559,2
6117702564,2
6117723835,2
4302180451,3
3661053477,2
3398775036,4
3513369538,4
3512422074,4
3566046458,4
3673725938,4
3524046373,3
3624978398,3
3618841837,4
3684372783,4
3622440735,1
3623426341,1
3631800274,1
3531639037,2
3637987919,0
3679662467,4
3687560721,1
3692379681,0
6117655535,0
6117817426,2
6117914827,3
6118058288,0
3576485683,3
3135632894,3
3217824194,3
3218419753,3
5348600657,3
6117886263,3
3264752366,4
3306894111,3
3306933987,0
3735137736,0
2711946809,4
2722726895,4
2788207315,4
2800571008,4
4398767660,4
5546225529,4
5651041917,4
2208089283,2
2216033104,2
2064388718,4
2108533325,4
2108565787,4
1710848647,4
1729510904,4
1747296371,4
1772994004,4
1381153006,4
942114052,3
968394930,3
1384365983,4
1793149710,1
2220731768,1
5627933111,4
597992631,3
598027247,3
598278413,3
1793148965,3
4657510312,3
5456593608,3
5498365434,3
4597569629,4
3306569690,3
3498782979,1
3306557402,4
1986741328,0
1883745929,4
3454077121,0
865162638,4
4046323282,4
6171430160,2
3383941686,3
4903812412,0
3819426872,1
818752260,3
2702537218,4
1986762654,0
3336680767,2
3326299577,3
577017111,0
3326297567,3
3454078130,0
2170633814,4
6170949609,2
4138629354,4
4465454244,0
1883745394,4
3306587041,3
1986755738,0
3926511946,0
844526791,2
2692446125,0
952810252,4
3498782786,2
4611162380,4
3960249312,0
1986779406,0
3306643431,0
4598220374,4
6163157536,4
4165522909,2
1986748523,4
818697726,0
1415643275,3
3995665119,4
4600102341,4
1947775597,0
1415636125,4
3306687074,0
4413552195,0
1986733423,2
1415643409,4
979598415,3
4165353690,2
576971039,0
3347167607,0
2249872929,0
2182207962,4
3306587039,3
1986732273,1
6422488547,4
2979481808,3
3498782785,2
5297261755,3
2249871956,0
3513911260,2
942031673,4
2611310689,0
1986741901,4
4976342516,0
4993958872,0
2882955668,0
3512802210,2
1831098922,4
6430955390,4
4046265396,4
46822657,0
4029735943,4
4506306788,2
3347162425,0
1947775587,4
2190418173,4
3955496515,2
3030315394,0
3819436906,1
4165554721,2
6170942262,2
4465417247,0
4610147151,3
3347168803,0
2832385617,3
3351082197,3
1986732396,0
1883745767,4
577269698,3
3336680784,2
4112217638,4
4919681435,1
2669388624,3
857832132,4
657600861,4
958752205,4
6431686408,0
2249871804,0
4112181621,4
3995401804,4
4458439894,4
6162782062,2
4903768712,3
3356269658,4
3030714769,0
1986738959,0
4416307337,3
3819425172,2
865162334,4
657645184,4
1986779663,0
2366589721,4
3819425175,2
3818326658,3
3819425165,2
3306584219,0
3306568590,3
2669556626,3
1668880348,0
4111979654,4
818513200,0
958752802,4
2697658003,0
4903835699,0
4028689042,0
6441992609,4
818380902,3
1883745976,4
