record_key,latitude,longitude
random_0000,0.014284324305693819,34.80075792716668
random_0001,0.019260516428269425,35.41726430785861
random_0002,-0.2928630523900228,35.1832335177382
random_0003,-0.35283142171931103,35.04056457809083
random_0004,0.11651865148544738,34.566939945273404
random_0005,0.11720318915805439,34.566914136759735
random_0006,0.16903580990789435,34.46214946501997
random_0007,0.21104890282638877,35.32680847597918
random_0008,-0.15467841703654667,35.04319306256523
random_0009,-0.1636201718346484,35.15763765824177
random_0010,0.10644861285976537,34.42202540889651
random_0011,-0.02853282299223381,35.43780354181333
random_0012,0.018789858304509965,35.29071362565645
random_0013,0.1041713291868519,34.62720284842575
random_0014,0.1899048610539853,34.59455271491159
random_0015,-0.31242440726510246,34.59624282554317
random_0016,-0.278219513097651,34.725539199966704
random_0017,-0.5344764347448092,34.96148938184649
random_0018,-0.0937650716934817,34.862181169947064
random_0019,-0.5872925308449647,34.711615180011904
random_0020,-0.1963058034994613,35.054682597352944
random_0021,-0.12619338241610534,34.54925843089768
random_0022,-0.35924746056326123,34.71259477393268
random_0023,-0.08234173288220026,34.79200717232425
random_0024,-0.592244772555465,34.88799488311223
random_0025,-0.5860131482382149,35.24013827869052
random_0026,0.12856651020028897,34.613650946909445
random_0027,-0.2922265163157508,34.95023084910256
random_0028,-0.5043749334867849,35.033883588682386
random_0029,-0.14475863335012806,34.4497019416104
random_0030,0.08069413331973585,35.050072991534535
random_0031,-0.4236028649778727,34.5824608123454
random_0032,-0.05316966700470982,34.46960520449425
random_0033,-0.5423338068556711,35.41530752486106
random_0034,-0.572969633736567,35.43322627538978
random_0035,-0.13646728527298535,35.264985162484614
random_0036,-0.1280220393348031,34.72593673301551
random_0037,-0.03993878963663211,34.50450916198683
random_0038,0.04074311368762196,35.13212933836801
random_0039,0.2680253923109064,34.87096316830137
random_0040,-0.1501666830459123,34.53058091128391
random_0041,-0.3261096096234662,34.92983929381906
random_0042,0.10361943723952027,34.436795717593284
random_0043,-0.3735426513515125,35.3729728302243
random_0044,-0.2205360071578712,34.676894580312016
random_0045,-0.548604692978538,35.10889884425876
random_0046,-0.5969308234919337,34.733530851415665
random_0047,0.25601005735691174,34.956472782660256
random_0048,0.14074190966610722,34.98497999889731
random_0049,0.013336527545265153,34.59779426741231
random_0050,-0.24785282058301444,35.43745555170808
random_0051,-0.4623021687355303,35.229392120996394
random_0052,-0.4776422911693117,35.40526386747368
random_0053,-0.3922789626702183,35.35746526495758
random_0054,-0.12020373511743043,35.03975297732786
random_0055,0.030282289657056705,35.386405431474735
random_0056,-0.019220387186864585,34.49468697719555
random_0057,-0.365260153779192,34.60970166278848
random_0058,0.24892740540350655,34.44839319913427
random_0059,0.05148619419314926,34.74810345391669
random_0060,-0.11553781221462545,34.81588469996775
random_0061,-0.06333412092673951,34.69034346399807
random_0062,-0.2381639431907112,35.286749134792565
random_0063,-0.39456479955394674,34.78172605956214
random_0064,-0.29606486242735197,34.700599925365495
random_0065,0.06963996052257582,34.980684808979326
random_0066,-0.6069019253469221,34.550788920722994
random_0067,-0.5143738971387062,35.258350769406825
random_0068,-0.578137595760205,34.47976918873735
random_0069,-0.5829367898897372,35.45596902216255
random_0070,0.1584691314500165,35.22630190314742
random_0071,0.02032865203582146,34.61262577924156
random_0072,-0.18850181553053413,34.40590866532225
random_0073,-0.5309709138075887,35.27254372844667
random_0074,-0.1726295536436826,35.15633735791695
random_0075,-0.18914068858968525,35.18003766980385
random_0076,-0.46238629838188616,35.22525927095396
random_0077,-0.22519499919344454,34.479227777355476
random_0078,-0.2573606916983902,34.78355832954237
random_0079,-0.0595764107724831,34.52397989369189
random_0080,-0.042064777710444146,35.323520665686885
random_0081,-0.5787733511074394,35.06692899570549
random_0082,-0.2791025206899112,34.754060886592335
random_0083,-0.05046747670004492,34.46800743480605
random_0084,-0.1621460046921202,34.73275108423576
random_0085,0.15940575548137326,34.747946154568616
random_0086,-0.020588795226760048,35.18067861082173
random_0087,-0.471729671355899,35.082186494350076
random_0088,-0.5557824398656088,35.34931763455667
random_0089,-0.035398456832252845,34.90526996992328
random_0090,-0.5958747074071241,34.52796584315398
random_0091,-0.0869442210411484,35.1631719223286
random_0092,0.2356095196967113,35.21404000202008
random_0093,-0.09631849813295024,35.000566601399356
random_0094,-0.2667653671520651,35.22493488255138
random_0095,-0.0346077212174587,34.9283612881099
random_0096,-0.20298986965271992,34.959324127438734
random_0097,-0.12348872172249925,34.85746888964365
random_0098,0.23673297598663778,34.42719846561618
random_0099,-0.26864659960129544,34.51544382688284
random_0100,0.25468341307976183,34.4336292286848
random_0101,0.20386908418001792,35.080959140052244
random_0102,-0.44183006734174024,34.736360899751666
random_0103,-0.5568812162035994,34.94417063954623
random_0104,-0.5282920187465417,35.37109612710092
random_0105,-0.6034181386570897,34.6667426851893
random_0106,-0.5340569057121052,34.83910972764812
random_0107,0.0015361638088846608,35.20843971824106
random_0108,-0.5552183299011916,34.64481403707603
random_0109,-0.3297321764326772,34.48236850351681
random_0110,0.14883653298220356,34.71003405461773
random_0111,-0.5988225384803985,34.57250677736178
random_0112,0.12116631915593146,35.39477648800655
random_0113,-0.3635121549562061,35.264688806133925
random_0114,-0.5124700068642928,35.07774201946615
random_0115,0.014030820481377049,35.332462831500855
random_0116,-0.04766200943030563,35.25992912228205
random_0117,0.17849953230961813,34.599629963008056
random_0118,0.04891464986153604,35.35503812838427
random_0119,0.11116764665021217,34.97709619884974
random_0120,-0.3633485389601111,35.26396096602554
random_0121,-0.4585300151604522,35.35881769091814
random_0122,0.06305942399318099,34.74026371821989
random_0123,0.11421961273321024,34.51775555924461
random_0124,0.28135967922061267,34.64389062391987
random_0125,-0.2445179140106019,34.857005333830095
random_0126,-0.2814635419285673,35.27527579953707
random_0127,0.08653579427521707,35.320981724084284
random_0128,-0.3098687783697538,34.407438779668375
random_0129,0.22698916629924382,34.94649961375799
random_0130,0.1611556041771407,34.846629773369195
random_0131,-0.22961543508873333,34.63765535720368
random_0132,0.06329267169026254,34.528255943047036
random_0133,0.06663401541706093,34.76124823340188
random_0134,-0.5261572793593013,35.408913383186395
random_0135,0.20132314507840565,34.745827137262204
random_0136,-0.16022034107245003,34.9551059652654
random_0137,0.13207629415804478,35.15223028601784
random_0138,-0.32875486306214335,34.78908367454584
random_0139,0.19492613793154234,35.43980682851143
random_0140,-0.2658264723519116,35.42981860558806
random_0141,-0.6101377371529285,34.66940705653314
random_0142,0.2038975985415299,34.93205590130485
random_0143,-0.5369291241246185,34.72193979150394
random_0144,-0.3294245897927225,34.70477932898389
random_0145,0.24455639001623242,34.43946903366935
random_0146,0.245052503713176,35.052233837358486
random_0147,-0.09817152180780964,34.93786655485488
random_0148,-0.04502813692548269,34.45508226383749
random_0149,-0.21191457499972904,34.69815171673317
random_0150,-0.3531781977547613,35.37184449798432
random_0151,-0.3209152637133765,34.65633122301366
random_0152,-0.008008204969895072,34.555037513137606
random_0153,0.0646608217882888,34.92371445349699
random_0154,0.10033692979052211,35.45464598589834
random_0155,0.09855250994304399,34.6589991405173
random_0156,-0.5370024462256917,35.119185035724286
random_0157,-0.1700775227206509,35.21493298840173
random_0158,-0.5676215283848537,34.65427217207186
random_0159,-0.11992871708540065,35.17919149301469
random_0160,-0.21820724375022693,34.7935279520096
random_0161,0.18781080631005276,35.07656723873513
random_0162,-0.3006673385776084,35.07787679051415
random_0163,-0.5134690150508787,34.97327891195999
random_0164,-0.4898775693319194,34.496610053958214
random_0165,0.07297467486289966,35.29377367028049
random_0166,-0.05742156238220253,34.74323466951976
random_0167,-0.5279783647282609,34.59957480612784
random_0168,-0.5434628064353524,34.443629401463596
random_0169,0.01788190962779912,35.03225544921142
random_0170,-0.5537856642085839,35.12499386717124
random_0171,0.1278926539542241,34.41774897695281
random_0172,0.02268042671241155,34.94793957238023
random_0173,-0.5459726096158712,34.64235047946179
random_0174,-0.5427976801824753,35.09033488573811
random_0175,0.27784201643606954,34.58657207903534
random_0176,-0.27941357586193055,35.139303379769636
random_0177,-0.2827156461691293,34.81380682054157
random_0178,0.11964760620432724,35.4023010879483
random_0179,0.24199620541931133,34.547147410236214
random_0180,0.2772609680788124,34.764940995623775
random_0181,0.06557414858563682,34.52141666772743
random_0182,-0.2776037771668667,35.38942217155806
random_0183,-0.5440143478042114,35.33875310811765
random_0184,0.0872036934939674,34.675997541655214
random_0185,-0.1118521327404175,35.10618292925657
random_0186,-0.2339579715852516,35.2744277542153
random_0187,0.20478249043620966,34.99406486841142
random_0188,-0.5188102911014023,34.966726118840924
random_0189,-0.1717111550953182,34.658781951263485
random_0190,-0.6096681832616486,34.49961996155231
random_0191,-0.19351881578534513,35.36002086101006
random_0192,-0.568764019129528,35.36344732116476
random_0193,-0.5118756961960546,35.07741855928239
random_0194,-0.5130511154328345,34.76276187642211
random_0195,-0.02921862507438222,34.77365424483555
random_0196,0.05890084013153518,35.17677257639116
random_0197,-0.08913442376158476,35.35990797814926
random_0198,0.25557701911183306,35.34918247396367
random_0199,-0.2788677726334293,35.23446683406765
random_0200,-0.36000200148350675,35.08697386138509
random_0201,0.1704252066524088,34.4900297625447
random_0202,-0.4165277869472981,34.57294272408124
random_0203,0.2565325108909562,35.36145298172397
random_0204,-0.6089394280322671,35.04887909383576
random_0205,0.26258973230395144,34.409840845229795
random_0206,-0.5807244801249758,34.508574550866655
random_0207,0.19094023346524458,35.109946892945615
random_0208,-0.13979199073146714,34.40541589471545
random_0209,0.2835979644685632,34.57206461501672
random_0210,-0.5528451260907871,34.98714515462225
random_0211,-0.11599260119479815,35.14032786153118
random_0212,0.26206530741337997,35.09759854766778
random_0213,-0.14398096180516462,34.639968161122795
random_0214,-0.0472472392969111,35.162031766841864
random_0215,0.013131306976001622,34.65385652362158
random_0216,-0.20636763106132638,34.74817767703041
random_0217,-0.04892214712350229,35.198745803476285
random_0218,-0.08827397614997878,35.09510720198052
random_0219,0.20005378954679987,35.30866904922877
random_0220,-0.5786437938892733,35.10364579476136
random_0221,-0.3643234974710704,35.008090205568955
random_0222,0.24487445050966838,34.50023200157606
random_0223,0.19014004334073376,34.79345590927359
random_0224,-0.20535235496500126,34.683766533419444
random_0225,-0.0556793360006016,34.661068918415616
random_0226,-0.36758312348716926,35.44112129358511
random_0227,-0.44880974465137724,34.820614565393434
random_0228,-0.1980344515046163,35.35448981403951
random_0229,-0.29844947249629195,35.07531832981707
random_0230,-0.08887293821570641,35.25044809478956
random_0231,-0.5492614803618638,34.93782168962255
random_0232,0.2666992749762114,35.0172871565502
random_0233,0.27745177747643857,34.92699393238618
random_0234,0.015327159757968056,34.60890999694391
random_0235,-0.13215230662685046,35.17302376332981
random_0236,-0.3383298691794418,34.70042642781171
random_0237,0.12055346793332322,34.426018084081655
random_0238,0.0031053670240300812,35.090655356620665
random_0239,-0.4720185851961489,34.589508426965544
random_0240,0.20894373788939657,35.406290685257616
random_0241,0.12850889106008367,35.420703577392764
random_0242,0.24431792109565076,35.378904897535875
random_0243,0.04040475263340748,34.79606980927333
random_0244,-0.06179217169843132,34.416538579685884
random_0245,-0.23939883697553688,35.39330086196887
random_0246,0.22878291985215204,34.858157038699524
random_0247,0.16811813944537157,35.43432065637673
random_0248,-0.5788510102033676,35.4310733754855
random_0249,-0.5960060532075007,35.312720117350075
random_0250,-0.2774183361409749,34.71506031451445
random_0251,0.11760353101146792,34.81205456960406
random_0252,0.2784212776765994,35.310716238523035
random_0253,-0.48312062909578934,34.73910654551722
random_0254,-0.07934104902955708,34.58135723895412
random_0255,-0.27338932046577047,34.99577735083043
random_0256,0.2626221020112889,35.40168560835203
random_0257,0.14632822005349488,35.14475188244222
random_0258,0.14287912128713542,35.00996545199562
random_0259,-0.19348922458657708,34.50397884833472
random_0260,-0.2425142528727247,35.05805773256811
random_0261,-0.37119956454305736,35.45935761961156
random_0262,-0.5686982980476564,34.54988989630308
random_0263,0.1668973623920984,34.9546127280292
random_0264,0.1197399183083705,35.33878918696291
random_0265,0.28974308269037874,35.192622420997
