key,scientificName,decimalLatitude,decimalLongitude,eventDate,year,month,day,coordinateUncertaintyInMeters,basisOfRecord,datasetKey,institutionCode,recordedBy,occurrenceID
6184933353,"Quelea quelea (Linnaeus, 1758)",-0.171825,34.910326,2026-03-21T17:42,2026.0,3.0,21.0,31.0,HUMAN_OBSERVATION,50c9509d-22c7-4a22-a47d-8c48425ef4a7,iNaturalist,Sam Ver Eecke,https://www.inaturalist.org/observations/344223918
6185912418,"Quelea quelea (Linnaeus, 1758)",-0.164868,34.914092,2026-03-21T17:42,2026.0,3.0,21.0,31.0,HUMAN_OBSERVATION,50c9509d-22c7-4a22-a47d-8c48425ef4a7,iNaturalist,Sam Ver Eecke,https://www.inaturalist.org/observations/344223996
5376050849,"Quelea quelea (Linnaeus, 1758)",-0.125407,34.742504,2024-01-17,2024.0,1.0,17.0,,HUMAN_OBSERVATION,4fa7b334-ce0d-4e88-aaae-2e0c138d049e,CLO,obsr928954,URN:catalog:CLO:EBIRD:OBS1926435055
5580178158,"Quelea quelea (Linnaeus, 1758)",-0.125407,34.742504,2024-01-17,2024.0,1.0,17.0,,HUMAN_OBSERVATION,4fa7b334-ce0d-4e88-aaae-2e0c138d049e,CLO,obsr775364,URN:catalog:CLO:EBIRD:OBS1934193978
5338820371,"Quelea quelea (Linnaeus, 1758)",-0.171318,34.910065,2024-02-18,2024.0,2.0,18.0,,HUMAN_OBSERVATION,4fa7b334-ce0d-4e88-aaae-2e0c138d049e,CLO,obsr748448,URN:catalog:CLO:EBIRD:OBS1955514003
5417085992,"Quelea quelea (Linnaeus, 1758)",-0.125407,34.742504,2024-02-03,2024.0,2.0,3.0,,HUMAN_OBSERVATION,4fa7b334-ce0d-4e88-aaae-2e0c138d049e,CLO,obsr658882,URN:catalog:CLO:EBIRD:OBS1940786953
5490940071,"Quelea quelea (Linnaeus, 1758)",-0.171318,34.910065,2024-02-04,2024.0,2.0,4.0,,HUMAN_OBSERVATION,4fa7b334-ce0d-4e88-aaae-2e0c138d049e,CLO,obsr748448,URN:catalog:CLO:EBIRD:OBS1942088494
5514014985,"Quelea quelea (Linnaeus, 1758)",-0.125407,34.742504,2024-02-11,2024.0,2.0,11.0,,HUMAN_OBSERVATION,4fa7b334-ce0d-4e88-aaae-2e0c138d049e,CLO,obsr1472278,URN:catalog:CLO:EBIRD:OBS1963187816
5577743313,"Quelea quelea (Linnaeus, 1758)",-0.125407,34.742504,2024-02-03,2024.0,2.0,3.0,,HUMAN_OBSERVATION,4fa7b334-ce0d-4e88-aaae-2e0c138d049e,CLO,obsr605585,URN:catalog:CLO:EBIRD:OBS1942996121
5595027229,"Quelea quelea (Linnaeus, 1758)",-0.125407,34.742504,2024-02-11,2024.0,2.0,11.0,,HUMAN_OBSERVATION,4fa7b334-ce0d-4e88-aaae-2e0c138d049e,CLO,obsr1751729,URN:catalog:CLO:EBIRD:OBS1964225155
5658505906,"Quelea quelea (Linnaeus, 1758)",-0.125407,34.742504,2024-02-11,2024.0,2.0,11.0,,HUMAN_OBSERVATION,4fa7b334-ce0d-4e88-aaae-2e0c138d049e,CLO,obsr3391135,URN:catalog:CLO:EBIRD:OBS1963763773
5318947857,"Quelea quelea (Linnaeus, 1758)",-0.171318,34.910065,2024-03-10,2024.0,3.0,10.0,,HUMAN_OBSERVATION,4fa7b334-ce0d-4e88-aaae-2e0c138d049e,CLO,obsr748448,URN:catalog:CLO:EBIRD:OBS1976204726
5507447943,"Quelea quelea (Linnaeus, 1758)",-0.060892,34.434444,2024-05-16,2024.0,5.0,16.0,,HUMAN_OBSERVATION,4fa7b334-ce0d-4e88-aaae-2e0c138d049e,CLO,obsr5284545,URN:catalog:CLO:EBIRD:OBS2161752373
5303793392,"Quelea quelea (Linnaeus, 1758)",-0.125407,34.742504,2024-06-27,2024.0,6.0,27.0,,HUMAN_OBSERVATION,4fa7b334-ce0d-4e88-aaae-2e0c138d049e,CLO,obsr916085,URN:catalog:CLO:EBIRD:OBS2280509847
5323893090,"Quelea quelea (Linnaeus, 1758)",-0.125407,34.742504,2024-06-27,2024.0,6.0,27.0,,HUMAN_OBSERVATION,4fa7b334-ce0d-4e88-aaae-2e0c138d049e,CLO,obsr1042146,URN:catalog:CLO:EBIRD:OBS2285686044
5357465670,"Quelea quelea (Linnaeus, 1758)",-0.125407,34.742504,2024-06-28,2024.0,6.0,28.0,,HUMAN_OBSERVATION,4fa7b334-ce0d-4e88-aaae-2e0c138d049e,CLO,obsr325989,URN:catalog:CLO:EBIRD:OBS2277103724
5381374791,"Quelea quelea (Linnaeus, 1758)",-0.125407,34.742504,2024-06-28,2024.0,6.0,28.0,,HUMAN_OBSERVATION,4fa7b334-ce0d-4e88-aaae-2e0c138d049e,CLO,obsr5356285,URN:catalog:CLO:EBIRD:OBS2937210350
5391318149,"Quelea quelea (Linnaeus, 1758)",-0.203045,34.51317,2024-06-09,2024.0,6.0,9.0,,HUMAN_OBSERVATION,4fa7b334-ce0d-4e88-aaae-2e0c138d049e,CLO,obsr4427917,URN:catalog:CLO:EBIRD:OBS2230575787
5423787159,"Quelea quelea (Linnaeus, 1758)",-0.125407,34.742504,2024-06-28,2024.0,6.0,28.0,,HUMAN_OBSERVATION,4fa7b334-ce0d-4e88-aaae-2e0c138d049e,CLO,obsr1042146,URN:catalog:CLO:EBIRD:OBS2285686008
5443753791,"Quelea quelea (Linnaeus, 1758)",-0.125407,34.742504,2024-06-27,2024.0,6.0,27.0,,HUMAN_OBSERVATION,4fa7b334-ce0d-4e88-aaae-2e0c138d049e,CLO,obsr325989,URN:catalog:CLO:EBIRD:OBS2275472953
5489192820,"Quelea quelea (Linnaeus, 1758)",-0.125407,34.742504,2024-06-27,2024.0,6.0,27.0,,HUMAN_OBSERVATION,4fa7b334-ce0d-4e88-aaae-2e0c138d049e,CLO,obsr5356285,URN:catalog:CLO:EBIRD:OBS2937210386
5496191178,"Quelea quelea (Linnaeus, 1758)",-0.125407,34.742504,2024-06-28,2024.0,6.0,28.0,,HUMAN_OBSERVATION,4fa7b334-ce0d-4e88-aaae-2e0c138d049e,CLO,obsr916085,URN:catalog:CLO:EBIRD:OBS2280509811
5553436558,"Quelea quelea (Linnaeus, 1758)",-0.125407,34.742504,2024-06-28,2024.0,6.0,28.0,,HUMAN_OBSERVATION,4fa7b334-ce0d-4e88-aaae-2e0c138d049e,CLO,obsr422861,URN:catalog:CLO:EBIRD:OBS2277113190
5696190217,"Quelea quelea (Linnaeus, 1758)",-0.125407,34.742504,2024-06-27,2024.0,6.0,27.0,,HUMAN_OBSERVATION,4fa7b334-ce0d-4e88-aaae-2e0c138d049e,CLO,obsr422861,URN:catalog:CLO:EBIRD:OBS2275448438
5360295923,"Quelea quelea (Linnaeus, 1758)",-0.171318,34.910065,2024-07-31,2024.0,7.0,31.0,,HUMAN_OBSERVATION,4fa7b334-ce0d-4e88-aaae-2e0c138d049e,CLO,obsr1807939,URN:catalog:CLO:EBIRD:OBS2357731077
5422597303,"Quelea quelea (Linnaeus, 1758)",-0.171318,34.910065,2024-07-31,2024.0,7.0,31.0,,HUMAN_OBSERVATION,4fa7b334-ce0d-4e88-aaae-2e0c138d049e,CLO,obsr2000756,URN:catalog:CLO:EBIRD:OBS2357039780
5548513902,"Quelea quelea (Linnaeus, 1758)",-0.171318,34.910065,2024-07-31,2024.0,7.0,31.0,,HUMAN_OBSERVATION,4fa7b334-ce0d-4e88-aaae-2e0c138d049e,CLO,obsr1381800,URN:catalog:CLO:EBIRD:OBS2354633737
5566723304,"Quelea quelea (Linnaeus, 1758)",-0.171318,34.910065,2024-07-31,2024.0,7.0,31.0,,HUMAN_OBSERVATION,4fa7b334-ce0d-4e88-aaae-2e0c138d049e,CLO,obsr1085435,URN:catalog:CLO:EBIRD:OBS2362312527
5632412764,"Quelea quelea (Linnaeus, 1758)",-0.171318,34.910065,2024-07-31,2024.0,7.0,31.0,,HUMAN_OBSERVATION,4fa7b334-ce0d-4e88-aaae-2e0c138d049e,CLO,obsr323929,URN:catalog:CLO:EBIRD:OBS2354700035
6118048856,"Quelea quelea (Linnaeus, 1758)",-0.457917,34.54125,2024-09-20,2024.0,9.0,20.0,,HUMAN_OBSERVATION,1cd0cb6d-d8ab-4e4c-9672-70d22fec96b3,FIAO,Mr I Magunje,urn:fiao:kbm:fullprot:rid21909053
5652265546,"Quelea quelea (Linnaeus, 1758)",-0.125407,34.742504,2024-11-23,2024.0,11.0,23.0,,HUMAN_OBSERVATION,4fa7b334-ce0d-4e88-aaae-2e0c138d049e,CLO,obsr2512959,URN:catalog:CLO:EBIRD:OBS2636283929
5709233409,"Quelea quelea (Linnaeus, 1758)",-0.171318,34.910065,2023-02-13,2023.0,2.0,13.0,,HUMAN_OBSERVATION,4fa7b334-ce0d-4e88-aaae-2e0c138d049e,CLO,obsr315405,URN:catalog:CLO:EBIRD:OBS1630089753
4663069541,"Quelea quelea (Linnaeus, 1758)",-0.171318,34.910065,2023-03-16,2023.0,3.0,16.0,,HUMAN_OBSERVATION,4fa7b334-ce0d-4e88-aaae-2e0c138d049e,CLO,obsr748448,URN:catalog:CLO:EBIRD:OBS1657202512
4717316280,"Quelea quelea (Linnaeus, 1758)",-0.125407,34.742504,2023-04-26,2023.0,4.0,26.0,,HUMAN_OBSERVATION,4fa7b334-ce0d-4e88-aaae-2e0c138d049e,CLO,obsr239932,URN:catalog:CLO:EBIRD:OBS1707884400
4722119248,"Quelea quelea (Linnaeus, 1758)",-0.171318,34.910065,2023-04-06,2023.0,4.0,6.0,,HUMAN_OBSERVATION,4fa7b334-ce0d-4e88-aaae-2e0c138d049e,CLO,obsr641214,URN:catalog:CLO:EBIRD:OBS1676156864
4735730773,"Quelea quelea (Linnaeus, 1758)",-0.125407,34.742504,2023-04-26,2023.0,4.0,26.0,,HUMAN_OBSERVATION,4fa7b334-ce0d-4e88-aaae-2e0c138d049e,CLO,obsr2000756,URN:catalog:CLO:EBIRD:OBS1698754088
4695453503,"Quelea quelea (Linnaeus, 1758)",-0.125407,34.742504,2023-05-25,2023.0,5.0,25.0,,HUMAN_OBSERVATION,4fa7b334-ce0d-4e88-aaae-2e0c138d049e,CLO,obsr1218905,URN:catalog:CLO:EBIRD:OBS1796447360
4700911548,"Quelea quelea (Linnaeus, 1758)",-0.125407,34.742504,2023-05-25,2023.0,5.0,25.0,,HUMAN_OBSERVATION,4fa7b334-ce0d-4e88-aaae-2e0c138d049e,CLO,obsr1771159,URN:catalog:CLO:EBIRD:OBS1740192864
4754113701,"Quelea quelea (Linnaeus, 1758)",-0.125407,34.742504,2023-05-25,2023.0,5.0,25.0,,HUMAN_OBSERVATION,4fa7b334-ce0d-4e88-aaae-2e0c138d049e,CLO,obsr177447,URN:catalog:CLO:EBIRD:OBS1740209816
4811662973,"Quelea quelea (Linnaeus, 1758)",-0.125407,34.742504,2023-05-25,2023.0,5.0,25.0,,HUMAN_OBSERVATION,4fa7b334-ce0d-4e88-aaae-2e0c138d049e,CLO,obsr3690289,URN:catalog:CLO:EBIRD:OBS1740195416
4827236586,"Quelea quelea (Linnaeus, 1758)",-0.125407,34.742504,2023-05-25,2023.0,5.0,25.0,,HUMAN_OBSERVATION,4fa7b334-ce0d-4e88-aaae-2e0c138d049e,CLO,obsr927441,URN:catalog:CLO:EBIRD:OBS1740193010
4828270078,"Quelea quelea (Linnaeus, 1758)",-0.324769,34.77266,2023-05-13,2023.0,5.0,13.0,,HUMAN_OBSERVATION,4fa7b334-ce0d-4e88-aaae-2e0c138d049e,CLO,obsr1895955,URN:catalog:CLO:EBIRD:OBS1721906590
4173212614,"Quelea quelea (Linnaeus, 1758)",-0.6066,34.3303,2023-06-03,2023.0,6.0,3.0,,HUMAN_OBSERVATION,b1047888-ae52-4179-9dd5-5448ea342a24,,GABRIEL LEITE,https://data.biodiversitydata.nl/xeno-canto/observation/XC810947
4758292788,"Quelea quelea (Linnaeus, 1758)",-0.583689,34.326538,2023-06-03,2023.0,6.0,3.0,,HUMAN_OBSERVATION,4fa7b334-ce0d-4e88-aaae-2e0c138d049e,CLO,obsr403476,URN:catalog:CLO:EBIRD:OBS1749401310
4765455329,"Quelea quelea (Linnaeus, 1758)",-0.125407,34.742504,2023-07-22,2023.0,7.0,22.0,,HUMAN_OBSERVATION,4fa7b334-ce0d-4e88-aaae-2e0c138d049e,CLO,obsr3293210,URN:catalog:CLO:EBIRD:OBS1787872858
4736033351,"Quelea quelea (Linnaeus, 1758)",-0.125407,34.742504,2023-08-28,2023.0,8.0,28.0,,HUMAN_OBSERVATION,4fa7b334-ce0d-4e88-aaae-2e0c138d049e,CLO,obsr1617825,URN:catalog:CLO:EBIRD:OBS1813455639
4730479913,"Quelea quelea (Linnaeus, 1758)",-0.125407,34.742504,2023-11-07,2023.0,11.0,7.0,,HUMAN_OBSERVATION,4fa7b334-ce0d-4e88-aaae-2e0c138d049e,CLO,obsr402256,URN:catalog:CLO:EBIRD:OBS1876013050
4748163227,"Quelea quelea (Linnaeus, 1758)",-0.125407,34.742504,2023-11-09,2023.0,11.0,9.0,,HUMAN_OBSERVATION,4fa7b334-ce0d-4e88-aaae-2e0c138d049e,CLO,obsr1109886,URN:catalog:CLO:EBIRD:OBS1877387575
4767042292,"Quelea quelea (Linnaeus, 1758)",-0.125407,34.742504,2023-11-09,2023.0,11.0,9.0,,HUMAN_OBSERVATION,4fa7b334-ce0d-4e88-aaae-2e0c138d049e,CLO,obsr451571,URN:catalog:CLO:EBIRD:OBS1870865067
4800183157,"Quelea quelea (Linnaeus, 1758)",-0.125407,34.742504,2023-11-26,2023.0,11.0,26.0,,HUMAN_OBSERVATION,4fa7b334-ce0d-4e88-aaae-2e0c138d049e,CLO,obsr285206,URN:catalog:CLO:EBIRD:OBS1891926828
4844263198,"Quelea quelea (Linnaeus, 1758)",-0.125407,34.742504,2023-11-26,2023.0,11.0,26.0,,HUMAN_OBSERVATION,4fa7b334-ce0d-4e88-aaae-2e0c138d049e,CLO,obsr977140,URN:catalog:CLO:EBIRD:OBS1884092642
6117827340,"Quelea quelea (Linnaeus, 1758)",-0.124583,35.207917,2022-01-19,2022.0,1.0,19.0,,HUMAN_OBSERVATION,1cd0cb6d-d8ab-4e4c-9672-70d22fec96b3,FIAO,James Omenya,urn:fiao:kbm:adhocprot:rid8981343
6118105595,"Quelea quelea (Linnaeus, 1758)",-0.124583,35.207917,2022-01-19,2022.0,1.0,19.0,,HUMAN_OBSERVATION,1cd0cb6d-d8ab-4e4c-9672-70d22fec96b3,FIAO,James Omenya,urn:fiao:kbm:adhocprot:rid9009195
6118124085,"Quelea quelea (Linnaeus, 1758)",-0.124583,34.957917,2022-01-31,2022.0,1.0,31.0,,HUMAN_OBSERVATION,1cd0cb6d-d8ab-4e4c-9672-70d22fec96b3,FIAO,Mr Luseka  Collins,urn:fiao:kbm:adhocprot:rid9220517
3735146145,"Quelea quelea (Linnaeus, 1758)",-0.457917,34.54125,2022-02-23,2022.0,2.0,23.0,,HUMAN_OBSERVATION,1cd0cb6d-d8ab-4e4c-9672-70d22fec96b3,FIAO,Brian Waswala,urn:fiao:kbm:fullprot:rid17702095
4216298308,"Quelea quelea (Linnaeus, 1758)",-0.180958,34.799473,2022-02-16,2022.0,2.0,16.0,,HUMAN_OBSERVATION,4fa7b334-ce0d-4e88-aaae-2e0c138d049e,CLO,obsr748448,URN:catalog:CLO:EBIRD:OBS1343243434
4303810128,"Quelea quelea (Linnaeus, 1758)",-0.495887,34.546272,2022-02-23,2022.0,2.0,23.0,,HUMAN_OBSERVATION,4fa7b334-ce0d-4e88-aaae-2e0c138d049e,CLO,obsr1429890,URN:catalog:CLO:EBIRD:OBS1351284190
4347715562,"Quelea quelea (Linnaeus, 1758)",-0.196282,34.930008,2022-02-26,2022.0,2.0,26.0,,HUMAN_OBSERVATION,4fa7b334-ce0d-4e88-aaae-2e0c138d049e,CLO,obsr2180387,URN:catalog:CLO:EBIRD:OBS1352606542
4234868393,"Quelea quelea (Linnaeus, 1758)",-0.171318,34.910065,2022-03-13,2022.0,3.0,13.0,,HUMAN_OBSERVATION,4fa7b334-ce0d-4e88-aaae-2e0c138d049e,CLO,obsr748448,URN:catalog:CLO:EBIRD:OBS1365369377
4289832734,"Quelea quelea (Linnaeus, 1758)",-0.119911,34.775455,2022-03-15,2022.0,3.0,15.0,,HUMAN_OBSERVATION,4fa7b334-ce0d-4e88-aaae-2e0c138d049e,CLO,obsr2993527,URN:catalog:CLO:EBIRD:OBS1370198100
4324413775,"Quelea quelea (Linnaeus, 1758)",-0.125407,34.742504,2022-03-08,2022.0,3.0,8.0,,HUMAN_OBSERVATION,4fa7b334-ce0d-4e88-aaae-2e0c138d049e,CLO,obsr310569,URN:catalog:CLO:EBIRD:OBS1363802501
4337919136,"Quelea quelea (Linnaeus, 1758)",-0.125407,34.742504,2022-03-07,2022.0,3.0,7.0,,HUMAN_OBSERVATION,4fa7b334-ce0d-4e88-aaae-2e0c138d049e,CLO,obsr1043923,URN:catalog:CLO:EBIRD:OBS1360608833
4356606769,"Quelea quelea (Linnaeus, 1758)",-0.119911,34.775455,2022-03-15,2022.0,3.0,15.0,,HUMAN_OBSERVATION,4fa7b334-ce0d-4e88-aaae-2e0c138d049e,CLO,obsr748448,URN:catalog:CLO:EBIRD:OBS1366193084
6117833365,"Quelea quelea (Linnaeus, 1758)",-0.124583,34.79125,2022-03-11,2022.0,3.0,11.0,,HUMAN_OBSERVATION,1cd0cb6d-d8ab-4e4c-9672-70d22fec96b3,FIAO,eBird General Observer,urn:fiao:kbm:adhocprot:rid10161605
6118052231,"Quelea quelea (Linnaeus, 1758)",-0.124583,34.79125,2022-03-15,2022.0,3.0,15.0,,HUMAN_OBSERVATION,1cd0cb6d-d8ab-4e4c-9672-70d22fec96b3,FIAO,eBird General Observer,urn:fiao:kbm:adhocprot:rid10162629
4253140802,"Quelea quelea (Linnaeus, 1758)",-0.324769,34.77266,2022-04-10,2022.0,4.0,10.0,,HUMAN_OBSERVATION,4fa7b334-ce0d-4e88-aaae-2e0c138d049e,CLO,obsr1895955,URN:catalog:CLO:EBIRD:OBS1387821542
4231451488,"Quelea quelea (Linnaeus, 1758)",-0.125407,34.742504,2022-05-18,2022.0,5.0,18.0,,HUMAN_OBSERVATION,4fa7b334-ce0d-4e88-aaae-2e0c138d049e,CLO,obsr658882,URN:catalog:CLO:EBIRD:OBS1435653893
4224741914,"Quelea quelea (Linnaeus, 1758)",-0.125407,34.742504,2022-06-14,2022.0,6.0,14.0,,HUMAN_OBSERVATION,4fa7b334-ce0d-4e88-aaae-2e0c138d049e,CLO,obsr437796,URN:catalog:CLO:EBIRD:OBS1459075252
4239175629,"Quelea quelea (Linnaeus, 1758)",-0.125407,34.742504,2022-06-11,2022.0,6.0,11.0,,HUMAN_OBSERVATION,4fa7b334-ce0d-4e88-aaae-2e0c138d049e,CLO,obsr437796,URN:catalog:CLO:EBIRD:OBS1456899059
4258105373,"Quelea quelea (Linnaeus, 1758)",-0.125407,34.742504,2022-06-23,2022.0,6.0,23.0,,HUMAN_OBSERVATION,4fa7b334-ce0d-4e88-aaae-2e0c138d049e,CLO,obsr2312617,URN:catalog:CLO:EBIRD:OBS1465459028
4354386692,"Quelea quelea (Linnaeus, 1758)",-0.125407,34.742504,2022-06-23,2022.0,6.0,23.0,,HUMAN_OBSERVATION,4fa7b334-ce0d-4e88-aaae-2e0c138d049e,CLO,obsr2166630,URN:catalog:CLO:EBIRD:OBS1465459051
6117435559,"Quelea quelea (Linnaeus, 1758)",-0.457917,34.54125,2022-07-11,2022.0,7.0,11.0,,HUMAN_OBSERVATION,1cd0cb6d-d8ab-4e4c-9672-70d22fec96b3,FIAO,Unknown observer,urn:fiao:kbm:adhocprot:rid9248812
6117702564,"Quelea quelea (Linnaeus, 1758)",-0.374583,34.624583,2022-07-11,2022.0,7.0,11.0,,HUMAN_OBSERVATION,1cd0cb6d-d8ab-4e4c-9672-70d22fec96b3,FIAO,Unknown observer,urn:fiao:kbm:adhocprot:rid9248820
6117723835,"Quelea quelea (Linnaeus, 1758)",-0.457917,34.54125,2022-07-12,2022.0,7.0,12.0,,HUMAN_OBSERVATION,1cd0cb6d-d8ab-4e4c-9672-70d22fec96b3,FIAO,Unknown observer,urn:fiao:kbm:adhocprot:rid9250111
4302180451,"Quelea quelea (Linnaeus, 1758)",-0.171318,34.910065,2022-10-04,2022.0,10.0,4.0,,HUMAN_OBSERVATION,4fa7b334-ce0d-4e88-aaae-2e0c138d049e,CLO,obsr748448,URN:catalog:CLO:EBIRD:OBS1531978327
3661053477,"Quelea quelea (Linnaeus, 1758)",-0.449787,34.579304,2021-01-30,2021.0,1.0,30.0,,HUMAN_OBSERVATION,4fa7b334-ce0d-4e88-aaae-2e0c138d049e,CLO,obsr922907,URN:catalog:CLO:EBIRD:OBS1065055098
3398775036,"Quelea quelea (Linnaeus, 1758)",-0.13058,34.740376,2021-03-12T05:53:04,2021.0,3.0,12.0,20.0,HUMAN_OBSERVATION,50c9509d-22c7-4a22-a47d-8c48425ef4a7,iNaturalist,leuli,https://www.inaturalist.org/observations/98269211
3513369538,"Quelea quelea (Linnaeus, 1758)",-0.125407,34.742504,2021-03-12,2021.0,3.0,12.0,,HUMAN_OBSERVATION,4fa7b334-ce0d-4e88-aaae-2e0c138d049e,CLO,obsr456374,URN:catalog:CLO:EBIRD:OBS1092862419
3512422074,"Quelea quelea (Linnaeus, 1758)",-0.125407,34.742504,2021-04-14,2021.0,4.0,14.0,,HUMAN_OBSERVATION,4fa7b334-ce0d-4e88-aaae-2e0c138d049e,CLO,obsr221242,URN:catalog:CLO:EBIRD:OBS1121259288
3566046458,"Quelea quelea (Linnaeus, 1758)",-0.125407,34.742504,2021-04-14,2021.0,4.0,14.0,,HUMAN_OBSERVATION,4fa7b334-ce0d-4e88-aaae-2e0c138d049e,CLO,obsr310569,URN:catalog:CLO:EBIRD:OBS1122010888
3673725938,"Quelea quelea (Linnaeus, 1758)",-0.125407,34.742504,2021-04-29,2021.0,4.0,29.0,,HUMAN_OBSERVATION,4fa7b334-ce0d-4e88-aaae-2e0c138d049e,CLO,obsr1534244,URN:catalog:CLO:EBIRD:OBS1138915399
3524046373,"Quelea quelea (Linnaeus, 1758)",-0.171318,34.910065,2021-05-12,2021.0,5.0,12.0,,HUMAN_OBSERVATION,4fa7b334-ce0d-4e88-aaae-2e0c138d049e,CLO,obsr1934235,URN:catalog:CLO:EBIRD:OBS1152994105
3624978398,"Quelea quelea (Linnaeus, 1758)",-0.171318,34.910065,2021-05-12,2021.0,5.0,12.0,,HUMAN_OBSERVATION,4fa7b334-ce0d-4e88-aaae-2e0c138d049e,CLO,obsr961030,URN:catalog:CLO:EBIRD:OBS1152749138
3618841837,"Quelea quelea (Linnaeus, 1758)",-0.119911,34.775455,2021-06-27,2021.0,6.0,27.0,,HUMAN_OBSERVATION,4fa7b334-ce0d-4e88-aaae-2e0c138d049e,CLO,obsr2602261,URN:catalog:CLO:EBIRD:OBS1190823232
3684372783,"Quelea quelea (Linnaeus, 1758)",-0.119911,34.775455,2021-06-27,2021.0,6.0,27.0,,HUMAN_OBSERVATION,4fa7b334-ce0d-4e88-aaae-2e0c138d049e,CLO,obsr748448,URN:catalog:CLO:EBIRD:OBS1190608140
3622440735,"Quelea quelea (Linnaeus, 1758)",-0.180958,34.799473,2021-07-11,2021.0,7.0,11.0,,HUMAN_OBSERVATION,4fa7b334-ce0d-4e88-aaae-2e0c138d049e,CLO,obsr1938559,URN:catalog:CLO:EBIRD:OBS1199319752
3623426341,"Quelea quelea (Linnaeus, 1758)",-0.180958,34.799473,2021-07-11,2021.0,7.0,11.0,,HUMAN_OBSERVATION,4fa7b334-ce0d-4e88-aaae-2e0c138d049e,CLO,obsr748448,URN:catalog:CLO:EBIRD:OBS1199106714
3631800274,"Quelea quelea (Linnaeus, 1758)",-0.180958,34.799473,2021-07-11,2021.0,7.0,11.0,,HUMAN_OBSERVATION,4fa7b334-ce0d-4e88-aaae-2e0c138d049e,CLO,obsr1938559,URN:catalog:CLO:EBIRD:OBS1198717963
3531639037,"Quelea quelea (Linnaeus, 1758)",-0.366264,34.629143,2021-10-09,2021.0,10.0,9.0,,HUMAN_OBSERVATION,4fa7b334-ce0d-4e88-aaae-2e0c138d049e,CLO,obsr831225,URN:catalog:CLO:EBIRD:OBS1253208201
3454086595,"Quelea quelea (Linnaeus, 1758)",-0.54125,34.457917,2021-11-20,2021.0,11.0,20.0,,HUMAN_OBSERVATION,1cd0cb6d-d8ab-4e4c-9672-70d22fec96b3,FIAO,Mr  Ally,urn:fiao:kbm:fullprot:rid17191566
3549204348,"Quelea quelea (Linnaeus, 1758)",-0.5,34.501,2021-11-18,2021.0,11.0,18.0,,HUMAN_OBSERVATION,4fa7b334-ce0d-4e88-aaae-2e0c138d049e,CLO,obsr859867,URN:catalog:CLO:EBIRD:OBS1294652440
3637987919,"Quelea quelea (Linnaeus, 1758)",-0.199122,35.142975,2021-11-16,2021.0,11.0,16.0,,HUMAN_OBSERVATION,4fa7b334-ce0d-4e88-aaae-2e0c138d049e,CLO,obsr131890,URN:catalog:CLO:EBIRD:OBS1278784189
3679662467,"Quelea quelea (Linnaeus, 1758)",-0.125407,34.742504,2021-11-06,2021.0,11.0,6.0,,HUMAN_OBSERVATION,4fa7b334-ce0d-4e88-aaae-2e0c138d049e,CLO,obsr1043923,URN:catalog:CLO:EBIRD:OBS1272405199
3687560721,"Quelea quelea (Linnaeus, 1758)",-0.180958,34.799473,2021-11-27,2021.0,11.0,27.0,,HUMAN_OBSERVATION,4fa7b334-ce0d-4e88-aaae-2e0c138d049e,CLO,obsr748448,URN:catalog:CLO:EBIRD:OBS1289907459
3692379681,"Quelea quelea (Linnaeus, 1758)",-0.199122,35.142975,2021-11-16,2021.0,11.0,16.0,,HUMAN_OBSERVATION,4fa7b334-ce0d-4e88-aaae-2e0c138d049e,CLO,obsr395656,URN:catalog:CLO:EBIRD:OBS1319962424
6117655535,"Quelea quelea (Linnaeus, 1758)",-0.207917,35.124583,2021-11-16,2021.0,11.0,16.0,,HUMAN_OBSERVATION,1cd0cb6d-d8ab-4e4c-9672-70d22fec96b3,FIAO,eBird General Observer,urn:fiao:kbm:adhocprot:rid10147087
6117817426,"Quelea quelea (Linnaeus, 1758)",-0.457917,34.54125,2021-11-18,2021.0,11.0,18.0,,HUMAN_OBSERVATION,1cd0cb6d-d8ab-4e4c-9672-70d22fec96b3,FIAO,Mr  Kashangaki,urn:fiao:kbm:adhocprot:rid8906083
6117914827,"Quelea quelea (Linnaeus, 1758)",-0.207917,34.874583,2021-11-06,2021.0,11.0,6.0,,HUMAN_OBSERVATION,1cd0cb6d-d8ab-4e4c-9672-70d22fec96b3,FIAO,W Washington,urn:fiao:kbm:adhocprot:rid8872711
6118058288,"Quelea quelea (Linnaeus, 1758)",-0.207917,35.124583,2021-11-16,2021.0,11.0,16.0,,HUMAN_OBSERVATION,1cd0cb6d-d8ab-4e4c-9672-70d22fec96b3,FIAO,eBird General Observer,urn:fiao:kbm:adhocprot:rid10147155
3576485683,"Quelea quelea (Linnaeus, 1758)",-0.171318,34.910065,2021-12-01,2021.0,12.0,1.0,,HUMAN_OBSERVATION,4fa7b334-ce0d-4e88-aaae-2e0c138d049e,CLO,obsr1043358,URN:catalog:CLO:EBIRD:OBS1302549423
3135632894,"Quelea quelea (Linnaeus, 1758)",-0.171318,34.910065,2020-02-03,2020.0,2.0,3.0,,HUMAN_OBSERVATION,4fa7b334-ce0d-4e88-aaae-2e0c138d049e,CLO,obsr337803,URN:catalog:CLO:EBIRD:OBS867668351
3217824194,"Quelea quelea (Linnaeus, 1758)",-0.171318,34.910065,2020-02-03,2020.0,2.0,3.0,,HUMAN_OBSERVATION,4fa7b334-ce0d-4e88-aaae-2e0c138d049e,CLO,obsr1398042,URN:catalog:CLO:EBIRD:OBS868088868
3218419753,"Quelea quelea (Linnaeus, 1758)",-0.171318,34.910065,2020-02-03,2020.0,2.0,3.0,,HUMAN_OBSERVATION,4fa7b334-ce0d-4e88-aaae-2e0c138d049e,CLO,obsr563815,URN:catalog:CLO:EBIRD:OBS867642148
5348600657,"Quelea quelea (Linnaeus, 1758)",-0.171318,34.910065,2020-02-03,2020.0,2.0,3.0,,HUMAN_OBSERVATION,4fa7b334-ce0d-4e88-aaae-2e0c138d049e,CLO,obsr6944682,URN:catalog:CLO:EBIRD:OBS3162312094
6117886263,"Quelea quelea (Linnaeus, 1758)",-0.207917,34.874583,2020-02-03,2020.0,2.0,3.0,,HUMAN_OBSERVATION,1cd0cb6d-d8ab-4e4c-9672-70d22fec96b3,FIAO,Mr J Kiiru,urn:fiao:kbm:adhocprot:rid7932940
3142776203,"Quelea quelea (Linnaeus, 1758)",-0.547141,34.389816,2020-03-06,2020.0,3.0,6.0,,HUMAN_OBSERVATION,4fa7b334-ce0d-4e88-aaae-2e0c138d049e,CLO,obsr131890,URN:catalog:CLO:EBIRD:OBS874552768
3264752366,"Quelea quelea (Linnaeus, 1758)",-0.126622,34.74129,2020-03-23,2020.0,3.0,23.0,,HUMAN_OBSERVATION,4fa7b334-ce0d-4e88-aaae-2e0c138d049e,CLO,obsr1600179,URN:catalog:CLO:EBIRD:OBS882538446
6117661398,"Quelea quelea (Linnaeus, 1758)",-0.54125,34.374583,2020-03-06,2020.0,3.0,6.0,,HUMAN_OBSERVATION,1cd0cb6d-d8ab-4e4c-9672-70d22fec96b3,FIAO,J Bradley,urn:fiao:kbm:adhocprot:rid7943610
3306894111,"Quelea quelea (Linnaeus, 1758)",-0.04125,34.957917,2019-11-28,2019.0,11.0,28.0,,HUMAN_OBSERVATION,1cd0cb6d-d8ab-4e4c-9672-70d22fec96b3,FIAO,James Omenya,urn:fiao:kbm:fullprot:rid13985666
3306933987,"Quelea quelea (Linnaeus, 1758)",-0.04125,35.04125,2019-11-28,2019.0,11.0,28.0,,HUMAN_OBSERVATION,1cd0cb6d-d8ab-4e4c-9672-70d22fec96b3,FIAO,James Omenya,urn:fiao:kbm:fullprot:rid13984728
3735137736,"Quelea quelea (Linnaeus, 1758)",-0.124583,35.04125,2019-11-27,2019.0,11.0,27.0,,HUMAN_OBSERVATION,1cd0cb6d-d8ab-4e4c-9672-70d22fec96b3,FIAO,James Omenya,urn:fiao:kbm:fullprot:rid13979893
2711946809,"Quelea quelea (Linnaeus, 1758)",-0.125407,34.742504,2019-12-04,2019.0,12.0,4.0,,HUMAN_OBSERVATION,4fa7b334-ce0d-4e88-aaae-2e0c138d049e,CLO,obsr1491862,URN:catalog:CLO:EBIRD:OBS835708338
2722726895,"Quelea quelea (Linnaeus, 1758)",-0.125407,34.742504,2019-12-04,2019.0,12.0,4.0,,HUMAN_OBSERVATION,4fa7b334-ce0d-4e88-aaae-2e0c138d049e,CLO,obsr1455356,URN:catalog:CLO:EBIRD:OBS835661810
2788207315,"Quelea quelea (Linnaeus, 1758)",-0.125407,34.742504,2019-12-04,2019.0,12.0,4.0,,HUMAN_OBSERVATION,4fa7b334-ce0d-4e88-aaae-2e0c138d049e,CLO,obsr184473,URN:catalog:CLO:EBIRD:OBS834631046
2800571008,"Quelea quelea (Linnaeus, 1758)",-0.125407,34.742504,2019-12-04,2019.0,12.0,4.0,,HUMAN_OBSERVATION,4fa7b334-ce0d-4e88-aaae-2e0c138d049e,CLO,obsr1491863,URN:catalog:CLO:EBIRD:OBS834634424
4398767660,"Quelea quelea (Linnaeus, 1758)",-0.146544,34.74385,2019-12-31,2019.0,12.0,31.0,,HUMAN_OBSERVATION,4fa7b334-ce0d-4e88-aaae-2e0c138d049e,CLO,obsr2072044,URN:catalog:CLO:EBIRD:OBS1619747712
5546225529,"Quelea quelea (Linnaeus, 1758)",-0.125407,34.742504,2018-08-22,2018.0,8.0,22.0,,HUMAN_OBSERVATION,4fa7b334-ce0d-4e88-aaae-2e0c138d049e,CLO,obsr314919,URN:catalog:CLO:EBIRD:OBS652551626
5651041917,"Quelea quelea (Linnaeus, 1758)",-0.125407,34.742504,2018-08-22,2018.0,8.0,22.0,,HUMAN_OBSERVATION,4fa7b334-ce0d-4e88-aaae-2e0c138d049e,CLO,obsr139110,URN:catalog:CLO:EBIRD:OBS1212171402
2208089283,"Quelea quelea (Linnaeus, 1758)",-0.389052,34.625107,2018-11-13,2018.0,11.0,13.0,,HUMAN_OBSERVATION,4fa7b334-ce0d-4e88-aaae-2e0c138d049e,CLO,obsr89952,URN:catalog:CLO:EBIRD:OBS680549077
2216033104,"Quelea quelea (Linnaeus, 1758)",-0.389052,34.625107,2018-11-13,2018.0,11.0,13.0,,HUMAN_OBSERVATION,4fa7b334-ce0d-4e88-aaae-2e0c138d049e,CLO,obsr131890,URN:catalog:CLO:EBIRD:OBS676256251
2064388718,"Quelea quelea (Linnaeus, 1758)",-0.125407,34.742504,2017-05-13,2017.0,5.0,13.0,,HUMAN_OBSERVATION,4fa7b334-ce0d-4e88-aaae-2e0c138d049e,CLO,obsr831162,URN:catalog:CLO:EBIRD:OBS498337298
1986804521,"Quelea quelea (Linnaeus, 1758)",-0.660064,34.555333,2017-06-01,2017.0,6.0,1.0,,HUMAN_OBSERVATION,d1e8a7af-097a-4ca8-aa91-62d3ff834711,Nature Kenya,,5d4be014-8fec-4573-a3e7-3b4cbcaf8b61
1986804524,"Quelea quelea (Linnaeus, 1758)",-0.582172,34.326263,2017-11-25,2017.0,11.0,25.0,,HUMAN_OBSERVATION,d1e8a7af-097a-4ca8-aa91-62d3ff834711,Nature Kenya,,471754ac-5f4e-4db6-8cfc-0f889b92fc80
2094868753,"Quelea quelea (Linnaeus, 1758)",-0.61736,34.335163,2017-11-25,2017.0,11.0,25.0,,HUMAN_OBSERVATION,4fa7b334-ce0d-4e88-aaae-2e0c138d049e,CLO,obsr131890,URN:catalog:CLO:EBIRD:OBS553011827
2107586103,"Quelea quelea (Linnaeus, 1758)",-0.61736,34.335163,2017-11-25,2017.0,11.0,25.0,,HUMAN_OBSERVATION,4fa7b334-ce0d-4e88-aaae-2e0c138d049e,CLO,obsr668799,URN:catalog:CLO:EBIRD:OBS553013839
6117883132,"Quelea quelea (Linnaeus, 1758)",-0.624583,34.374583,2017-11-25,2017.0,11.0,25.0,,HUMAN_OBSERVATION,1cd0cb6d-d8ab-4e4c-9672-70d22fec96b3,FIAO,eBird General Observer,urn:fiao:kbm:adhocprot:rid10047483
2108533325,"Quelea quelea (Linnaeus, 1758)",-0.125407,34.742504,2017-12-03,2017.0,12.0,3.0,,HUMAN_OBSERVATION,4fa7b334-ce0d-4e88-aaae-2e0c138d049e,CLO,obsr427235,URN:catalog:CLO:EBIRD:OBS554192306
2108565787,"Quelea quelea (Linnaeus, 1758)",-0.125407,34.742504,2017-12-03,2017.0,12.0,3.0,,HUMAN_OBSERVATION,4fa7b334-ce0d-4e88-aaae-2e0c138d049e,CLO,obsr131890,URN:catalog:CLO:EBIRD:OBS554164438
1710848647,"Quelea quelea (Linnaeus, 1758)",-0.162675,34.747555,2016-01-17,2016.0,1.0,17.0,,HUMAN_OBSERVATION,4fa7b334-ce0d-4e88-aaae-2e0c138d049e,CLO,obsr417137,URN:catalog:CLO:EBIRD:OBS366837093
1723815057,"Quelea quelea (Linnaeus, 1758)",-0.5243,34.45313,2016-03-28,2016.0,3.0,28.0,,HUMAN_OBSERVATION,4fa7b334-ce0d-4e88-aaae-2e0c138d049e,CLO,obsr427235,URN:catalog:CLO:EBIRD:OBS386418256
6118160820,"Quelea quelea (Linnaeus, 1758)",-0.54125,34.457917,2016-03-27,2016.0,3.0,27.0,,HUMAN_OBSERVATION,1cd0cb6d-d8ab-4e4c-9672-70d22fec96b3,FIAO,eBird General Observer,urn:fiao:kbm:adhocprot:rid10020746
1729510904,"Quelea quelea (Linnaeus, 1758)",-0.125407,34.742504,2016-04-21,2016.0,4.0,21.0,,HUMAN_OBSERVATION,4fa7b334-ce0d-4e88-aaae-2e0c138d049e,CLO,obsr119608,URN:catalog:CLO:EBIRD:OBS393471182
1747296371,"Quelea quelea (Linnaeus, 1758)",-0.125407,34.742504,2016-06-26,2016.0,6.0,26.0,,HUMAN_OBSERVATION,4fa7b334-ce0d-4e88-aaae-2e0c138d049e,CLO,obsr352579,URN:catalog:CLO:EBIRD:OBS414262335
1772994004,"Quelea quelea (Linnaeus, 1758)",-0.125407,34.742504,2015-04-13,2015.0,4.0,13.0,,HUMAN_OBSERVATION,4fa7b334-ce0d-4e88-aaae-2e0c138d049e,CLO,obsr821411,URN:catalog:CLO:EBIRD:OBS442664207
1381153006,"Quelea quelea (Linnaeus, 1758)",-0.125407,34.742504,2015-08-09,2015.0,8.0,9.0,,HUMAN_OBSERVATION,4fa7b334-ce0d-4e88-aaae-2e0c138d049e,CLO,obsr148204,URN:catalog:CLO:EBIRD:OBS335572820
942114052,"Quelea quelea (Linnaeus, 1758)",-0.17158,34.90879,2013-02-28,2013.0,2.0,28.0,,HUMAN_OBSERVATION,4fa7b334-ce0d-4e88-aaae-2e0c138d049e,CLO,obsr223845,URN:catalog:CLO:EBIRD:OBS184577354
968394930,"Quelea quelea (Linnaeus, 1758)",-0.17158,34.90879,2013-02-28,2013.0,2.0,28.0,,HUMAN_OBSERVATION,4fa7b334-ce0d-4e88-aaae-2e0c138d049e,CLO,obsr230474,URN:catalog:CLO:EBIRD:OBS214091256
1384365983,"Quelea quelea (Linnaeus, 1758)",-0.125407,34.742504,2013-12-02,2013.0,12.0,2.0,,HUMAN_OBSERVATION,4fa7b334-ce0d-4e88-aaae-2e0c138d049e,CLO,obsr441592,URN:catalog:CLO:EBIRD:OBS339276082
1793149710,"Quelea quelea (Linnaeus, 1758)",-0.180958,34.799473,2012-02-04,2012.0,2.0,4.0,,HUMAN_OBSERVATION,4fa7b334-ce0d-4e88-aaae-2e0c138d049e,CLO,obsr652184,URN:catalog:CLO:EBIRD:OBS537075784
2220731768,"Quelea quelea (Linnaeus, 1758)",-0.180958,34.799473,2012-02-04,2012.0,2.0,4.0,,HUMAN_OBSERVATION,4fa7b334-ce0d-4e88-aaae-2e0c138d049e,CLO,obsr1245800,URN:catalog:CLO:EBIRD:OBS710077597
5627933111,"Quelea quelea (Linnaeus, 1758)",-0.125407,34.742504,2011-03-26,2011.0,3.0,26.0,,HUMAN_OBSERVATION,4fa7b334-ce0d-4e88-aaae-2e0c138d049e,CLO,obsr625518,URN:catalog:CLO:EBIRD:OBS2743824359
597992631,"Quelea quelea (Linnaeus, 1758)",-0.167091,34.871765,2011-07-14,2011.0,7.0,14.0,,HUMAN_OBSERVATION,4fa7b334-ce0d-4e88-aaae-2e0c138d049e,CLO,obsr149051,URN:catalog:CLO:EBIRD:OBS123072612
598027247,"Quelea quelea (Linnaeus, 1758)",-0.167091,34.871765,2011-07-14,2011.0,7.0,14.0,,HUMAN_OBSERVATION,4fa7b334-ce0d-4e88-aaae-2e0c138d049e,CLO,obsr113578,URN:catalog:CLO:EBIRD:OBS123072597
598278413,"Quelea quelea (Linnaeus, 1758)",-0.167091,34.871765,2011-07-14,2011.0,7.0,14.0,,HUMAN_OBSERVATION,4fa7b334-ce0d-4e88-aaae-2e0c138d049e,CLO,obsr200714,URN:catalog:CLO:EBIRD:OBS123289013
1793148965,"Quelea quelea (Linnaeus, 1758)",-0.167091,34.871765,2011-07-14,2011.0,7.0,14.0,,HUMAN_OBSERVATION,4fa7b334-ce0d-4e88-aaae-2e0c138d049e,CLO,obsr652184,URN:catalog:CLO:EBIRD:OBS537084724
4657510312,"Quelea quelea (Linnaeus, 1758)",-0.171318,34.910065,2011-11-14,2011.0,11.0,14.0,,HUMAN_OBSERVATION,4fa7b334-ce0d-4e88-aaae-2e0c138d049e,CLO,obsr402493,URN:catalog:CLO:EBIRD:OBS1930827530
2838528570,"Quelea quelea (Linnaeus, 1758)",0.356591,34.580082,2011-12-28,2011.0,12.0,28.0,100.0,HUMAN_OBSERVATION,8a863029-f435-446a-821e-275f4f641165,,User 71033,https://observation.org/observation/62770787
5456593608,"Quelea quelea (Linnaeus, 1758)",-0.171318,34.910065,2001-11-02,2001.0,11.0,2.0,,HUMAN_OBSERVATION,4fa7b334-ce0d-4e88-aaae-2e0c138d049e,CLO,obsr49359,URN:catalog:CLO:EBIRD:OBS348217450
5498365434,"Quelea quelea (Linnaeus, 1758)",-0.171318,34.910065,2000-11-03,2000.0,11.0,3.0,,HUMAN_OBSERVATION,4fa7b334-ce0d-4e88-aaae-2e0c138d049e,CLO,obsr49359,URN:catalog:CLO:EBIRD:OBS343622651
4389100227,"Quelea quelea (Linnaeus, 1758)",-0.125113,34.742104,1996-03-08,1996.0,3.0,8.0,,HUMAN_OBSERVATION,4fa7b334-ce0d-4e88-aaae-2e0c138d049e,CLO,obsr1684033,URN:catalog:CLO:EBIRD:OBS1678304121
1793146106,"Quelea quelea (Linnaeus, 1758)",-0.171318,34.910065,1995-10-08,1995.0,10.0,8.0,,HUMAN_OBSERVATION,4fa7b334-ce0d-4e88-aaae-2e0c138d049e,CLO,obsr652184,URN:catalog:CLO:EBIRD:OBS537061122
3873817131,"Quelea quelea (Linnaeus, 1758)",0.342008,34.865733,1990-07-06,1990.0,7.0,6.0,1631.0,HUMAN_OBSERVATION,50c9509d-22c7-4a22-a47d-8c48425ef4a7,iNaturalist,usavalli,https://www.inaturalist.org/observations/127051591
1185679950,"Quelea quelea (Linnaeus, 1758)",-0.3515,34.6539,1989-08-27,1989.0,8.0,27.0,,HUMAN_OBSERVATION,4fa7b334-ce0d-4e88-aaae-2e0c138d049e,CLO,obsr522151,URN:catalog:CLO:EBIRD:OBS269614821
3662004905,"Quelea quelea (Linnaeus, 1758)",-0.3515,34.6539,1989-08-27,1989.0,8.0,27.0,,HUMAN_OBSERVATION,4fa7b334-ce0d-4e88-aaae-2e0c138d049e,CLO,obsr162737,URN:catalog:CLO:EBIRD:OBS1247277340
1786392716,"Quelea quelea (Linnaeus, 1758)",-0.171318,34.910065,1987-03-01,1987.0,3.0,1.0,,HUMAN_OBSERVATION,4fa7b334-ce0d-4e88-aaae-2e0c138d049e,CLO,obsr887401,URN:catalog:CLO:EBIRD:OBS473799558
5683214595,"Quelea quelea (Linnaeus, 1758)",-0.125407,34.742504,1984-12-29,1984.0,12.0,29.0,,HUMAN_OBSERVATION,4fa7b334-ce0d-4e88-aaae-2e0c138d049e,CLO,obsr49359,URN:catalog:CLO:EBIRD:OBS351940120
2872889300,"Quelea quelea aethiopica (Sundevall, 1850)",0.25,34.833333,1966-02-15,1966.0,2.0,15.0,,PRESERVED_SPECIMEN,66df9620-115a-4794-be25-3a5b99786b1d,UF,"CHARLES, RAFAEL",0572ad28-10b1-11e7-9428-9e88cf78e826
3868067198,"Quelea quelea (Linnaeus, 1758)",0.25,35.25,1970-01-01T00:00/1984-01-01T00:00,,,,35868.0,OCCURRENCE,00327ee4-9970-4aef-b51a-d6998ebcc249,,,1970/1984_986_49c
3868067213,"Quelea quelea (Linnaeus, 1758)",0.25,34.75,1970-01-01T00:00/1984-01-01T00:00,,,,35957.0,OCCURRENCE,00327ee4-9970-4aef-b51a-d6998ebcc249,,,1970/1984_986_48d
3868068281,"Quelea quelea (Linnaeus, 1758)",-0.25,35.25,1970-01-01T00:00/1984-01-01T00:00,,,,35868.0,OCCURRENCE,00327ee4-9970-4aef-b51a-d6998ebcc249,,,1970/1984_986_61a
3868068319,"Quelea quelea (Linnaeus, 1758)",-0.25,34.75,1970-01-01T00:00/1984-01-01T00:00,,,,35957.0,OCCURRENCE,00327ee4-9970-4aef-b51a-d6998ebcc249,,,1970/1984_986_60b
